_id,batchNo,createdBy,createdOn,flow,color,lat,lon,modifiedBy,modifiedOn,size,streetAddress
80cafe91-fd27-4753-9e5b-35cf18102452,0,admin@byronfd.com,2019-03-04 15:40:08,2000,BLUE,42.1267333993073,-89.25589500706633,admin@byronfd.com,2019-03-04 15:40:08,,"209 N Union St, Byron, IL 61010, USA"
a66fdf08-ddcd-47a2-91c5-add8e5e36eaa,0,admin@byronfd.com,2019-05-02 14:28:04,1258,GREEN,42.12612395217847,-89.2590596496758,apolitsch@es-il.org,2019-10-07 15:27:22,,"123 N Franklin St, Byron, IL 61010, USA"
f7289a2a-5185-47c2-bddf-dabef42d6c48,0,admin@byronfd.com,2019-05-02 16:50:32,1300,GREEN,42.12541868192357,-89.25859506904271,apolitsch@es-il.org,2019-09-26 14:55:33,,"201 W Blackhawk Dr, Byron, IL 61010, USA"
f28aada9-3756-4ee4-8065-2fc5e9dde86e,0,admin@byronfd.com,2019-05-02 16:51:11,1341,GREEN,42.125389836540215,-89.25991337477353,apolitsch@es-il.org,2019-09-26 14:57:05,,"109 N Franklin St, Byron, IL 61010, USA"
74e4b990-04d7-4513-9b5e-fbdb741ab28f,0,admin@byronfd.com,2019-05-02 16:51:38,1314,GREEN,42.125360991143744,-89.26117133080152,apolitsch@es-il.org,2019-09-26 15:00:11,,"418 W Blackhawk Dr, Byron, IL 61010, USA"
32705eb6-98c2-4f3a-ba79-b3aece3bcaa0,0,admin@byronfd.com,2019-05-02 16:52:45,1341,GREEN,42.125346071105895,-89.26343243300107,apolitsch@es-il.org,2019-09-26 19:28:05,,"608 W Blackhawk Dr, Byron, IL 61010, USA"
fe2596dd-3204-4502-9a2f-f7eb0a6f5951,0,admin@byronfd.com,2019-05-02 16:54:09,1393,GREEN,42.12527843355706,-89.26682140409139,apolitsch@es-il.org,2019-09-26 19:33:15,,"103 N Grant St, Byron, IL 61010, USA"
daffa060-be13-4c31-b528-2e96b6b92eb9,0,admin@byronfd.com,2019-05-02 16:56:08,1341,GREEN,42.125055627003135,-89.27009369908956,apolitsch@es-il.org,2019-09-26 19:44:47,,"1088 W Blackhawk Dr, Byron, IL 61010, USA"
0f613d54-3f9e-4067-82db-b2b88d87db1b,0,admin@byronfd.com,2019-05-02 16:56:44,633,ORANGE,42.12512823815364,-89.27161048828748,apolitsch@es-il.org,2019-09-26 19:46:15,,"102 Perene Ave, Byron, IL 61010, USA"
8875cc4c-a31e-40c8-9025-716654363af9,0,admin@byronfd.com,2019-05-02 16:57:48,1406,GREEN,42.12524461475562,-89.27270080625203,apolitsch@es-il.org,2019-09-26 19:46:43,,"103 Barry Ave, Byron, IL 61010, USA"
411894f5-00f9-4e0d-b22f-d919c6bee3d9,0,admin@byronfd.com,2019-05-02 16:58:12,,YELLOW,42.12538088452208,-89.27477549492505,admin@byronfd.com,2019-05-02 16:58:12,,"108 N Fox Run Ln, Byron, IL 61010, USA"
9692b3b5-19cc-4017-9ca1-2733b0531e79,0,admin@byronfd.com,2019-05-02 16:58:52,,YELLOW,42.12586130771085,-89.27665170013097,admin@byronfd.com,2019-05-02 16:58:52,,"201 Creekside Dr, Byron, IL 61010, USA"
24149d5e-de2a-4b58-9b86-483ae976e645,0,admin@byronfd.com,2019-05-02 17:16:53,,YELLOW,42.133103651256164,-89.25776391277077,admin@byronfd.com,2019-05-02 17:16:53,,"703 N Walnut St, Byron, IL 61010, USA"
235b6f2c-1174-4a52-994a-3405251b638d,0,admin@byronfd.com,2019-05-02 17:19:47,,YELLOW,42.131365486596216,-89.25772649375614,admin@byronfd.com,2019-05-02 17:19:47,,"131 N Walnut St, Byron, IL 61010, USA"
fc7359a5-bd77-4a34-a11d-4705c74af7b7,0,admin@byronfd.com,2019-05-02 17:23:10,,YELLOW,42.13035002620348,-89.2560952071986,admin@byronfd.com,2019-05-02 17:25:58,,"103 E 5th St, Byron, IL 61010, USA"
22785c37-3904-4f50-b259-19a26bbb0ebf,0,apolitsch@es-il.org,2019-05-02 19:20:23,,YELLOW,42.1470533037673,-89.27312620163377,apolitsch@es-il.org,2019-05-02 19:20:23,,"1582 Warrenton Dr, Byron, IL 61010, USA"
972c851c-aab1-4fc1-bccd-81e7b00f24b6,0,apolitsch@es-il.org,2019-05-02 19:20:54,,YELLOW,42.146127577233536,-89.27310072064813,apolitsch@es-il.org,2019-05-02 19:20:54,,"1534 Warrenton Dr, Byron, IL 61010, USA"
705aa6b9-e014-4e06-8c25-509b001c1071,0,apolitsch@es-il.org,2019-05-02 19:21:25,,YELLOW,42.14559969964496,-89.27284512527496,apolitsch@es-il.org,2019-05-02 19:21:25,,"1514 Warrenton Dr, Byron, IL 61010, USA"
cb69ea71-c1d4-40bb-8b76-855437dee6df,0,apolitsch@es-il.org,2019-05-02 19:21:55,,YELLOW,42.145898004319534,-89.27147049315482,apolitsch@es-il.org,2019-05-02 19:21:55,,"1547 Brentwood Dr, Byron, IL 61010, USA"
af0046e6-1458-4160-8af2-34b8b8588f41,0,apolitsch@es-il.org,2019-05-02 19:22:29,,YELLOW,42.14718268705638,-89.27084285624534,apolitsch@es-il.org,2019-05-02 19:22:29,,"1583 Brentwood Dr, Byron, IL 61010, USA"
323ee229-42f8-4db7-9eae-0a74f8a3582f,0,apolitsch@es-il.org,2019-05-02 19:23:56,,YELLOW,42.147849469674696,-89.2711228470555,apolitsch@es-il.org,2019-05-02 19:23:56,,"1623 Brentwood Dr, Byron, IL 61010, USA"
bde702e4-c01f-4c8b-b85b-4704b2a92962,0,apolitsch@es-il.org,2019-05-02 19:24:28,,YELLOW,42.148698609776595,-89.2714473943463,apolitsch@es-il.org,2019-05-02 19:24:28,,"1669 Brentwood Dr, Byron, IL 61010, USA"
4d9950b4-5522-4ddc-b9d9-71531d282e3b,0,apolitsch@es-il.org,2019-05-02 19:25:03,,YELLOW,42.147144495760976,-89.27209514782339,apolitsch@es-il.org,2019-05-02 19:25:03,,"1252 Everett Ln, Byron, IL 61010, USA"
c118cba6-72ae-4dc1-8ef9-d48a74720605,0,apolitsch@es-il.org,2019-05-02 19:26:44,,YELLOW,42.148198473601155,-89.27284214303404,apolitsch@es-il.org,2019-05-02 19:26:44,,"1682 Warrenton Dr, Byron, IL 61010, USA"
a97d150d-00d1-4323-b966-95783c13e866,0,apolitsch@es-il.org,2019-05-02 19:29:05,,YELLOW,42.1436024661814,-89.27504167639825,apolitsch@es-il.org,2019-05-02 19:29:05,,"1379 Joanne Terrace, Byron, IL 61010, USA"
d1ed83c7-0d38-4e9d-88d9-2da724d7f6e2,0,apolitsch@es-il.org,2019-05-02 19:48:37,,YELLOW,42.142401440809444,-89.27566690463107,apolitsch@es-il.org,2019-05-02 19:48:37,,"1335 Joanne Terrace, Byron, IL 61010, USA"
593fbfe2-a146-48e1-aec2-819d4b8c8e8b,0,apolitsch@es-il.org,2019-05-02 19:49:16,,YELLOW,42.14125090783346,-89.27600486296694,apolitsch@es-il.org,2019-05-02 19:49:16,,"1241 Joanne Terrace, Byron, IL 61010, USA"
f5ee8a36-87a0-41a7-8035-dc4e062d0ecb,0,apolitsch@es-il.org,2019-05-02 19:50:01,,YELLOW,42.140224658532844,-89.2759793819813,apolitsch@es-il.org,2019-05-02 19:50:01,,"1209 Joanne Terrace, Byron, IL 61010, USA"
49eee573-c1dd-4a1f-95ee-a411913ba5de,0,apolitsch@es-il.org,2019-05-02 19:51:27,1500,BLUE,42.13911485859377,-89.27606118935626,apolitsch@es-il.org,2019-05-02 19:51:27,,"1402 Marijon Dr, Byron, IL 61010, USA"
0d8def81-e603-44eb-8d2b-9267d654fb4a,0,apolitsch@es-il.org,2019-05-02 19:52:28,1500,BLUE,42.14034697400281,-89.27463693636935,apolitsch@es-il.org,2019-05-02 19:52:28,,"1302 Marijon Dr, Byron, IL 61010, USA"
f91846c7-501e-4432-afa6-a2e6f1e5cff7,0,apolitsch@es-il.org,2019-05-02 19:53:06,1500,BLUE,42.13904027456705,-89.2776369871525,apolitsch@es-il.org,2019-05-02 19:53:06,,"1439 Marijon Dr, Byron, IL 61010, USA"
8f5979d2-7717-4bc9-9a7a-d09dae1eb102,0,apolitsch@es-il.org,2019-05-02 19:53:28,,YELLOW,42.13836801990848,-89.2772038103966,apolitsch@es-il.org,2019-05-02 19:53:28,,"1102 Glacier Dr, Byron, IL 61010, USA"
35a3eb29-2f10-4b1c-9300-71077fbacbec,0,apolitsch@es-il.org,2019-05-02 19:53:45,,YELLOW,42.13777133819773,-89.2772225858597,apolitsch@es-il.org,2019-05-02 19:53:45,,"1055 Kingsway Ln, Byron, IL 61010, USA"
16570f70-147c-4401-b220-ba785096969b,0,apolitsch@es-il.org,2019-05-02 19:54:41,,YELLOW,42.14024156393719,-89.2777080656914,apolitsch@es-il.org,2019-05-02 19:54:41,,"1227 Glacier Dr, Byron, IL 61010, USA"
c249c82b-f27e-4868-aa59-0fa106a3c9c6,0,apolitsch@es-il.org,2019-05-02 20:03:36,,YELLOW,42.1413138963111,-89.2777432882333,apolitsch@es-il.org,2019-05-02 20:03:36,,"1268 Glacier Dr, Byron, IL 61010, USA"
d82c74c7-f6a7-4c36-a053-85cfba6d28e2,0,apolitsch@es-il.org,2019-05-02 20:05:00,,YELLOW,42.13701167102521,-89.27670150430163,apolitsch@es-il.org,2019-05-02 20:05:00,,"1032 Kingsway Ln, Byron, IL 61010, USA"
dbb7e805-263a-4dbc-9aa9-bccfc8bd289c,0,apolitsch@es-il.org,2019-05-02 20:05:24,,YELLOW,42.1363006094484,-89.27529870898684,apolitsch@es-il.org,2019-05-02 20:05:24,,"853 Belair Dr, Byron, IL 61010, USA"
2b84b4b2-b894-426c-920d-d57434236afc,0,apolitsch@es-il.org,2019-05-02 20:06:55,,YELLOW,42.13421909239543,-89.2746241334196,apolitsch@es-il.org,2019-05-02 20:06:55,,"721 Kingsway Ln, Byron, IL 61010, USA"
b79dbb24-c3be-4a39-900d-e568e10ca95e,0,apolitsch@es-il.org,2019-05-02 20:07:28,,YELLOW,42.135303230542995,-89.27463709938502,apolitsch@es-il.org,2019-05-02 20:07:28,,"826 Kingsway Ln, Byron, IL 61010, USA"
36e2a9f9-09ef-4f89-8ce9-6701e1e03a09,0,apolitsch@es-il.org,2019-05-02 20:07:58,,YELLOW,42.13448971371598,-89.27512257921671,apolitsch@es-il.org,2019-05-02 20:07:58,,"1436 Kingsway Ct, Byron, IL 61010, USA"
7758152b-e0e3-4366-af58-973e9356d46c,0,apolitsch@es-il.org,2019-05-02 20:08:44,,YELLOW,42.133486229298896,-89.27519499886012,apolitsch@es-il.org,2019-05-02 20:08:44,,"1411 Southfield Ln, Byron, IL 61010, USA"
a951c002-30e3-40fc-83a3-b5a7d0f15d7d,0,apolitsch@es-il.org,2019-05-02 20:09:11,,YELLOW,42.133485234757416,-89.27711009609675,apolitsch@es-il.org,2019-05-02 20:09:11,,"1434 Southfield Ln, Byron, IL 61010, USA"
7b39ffe4-0ce1-4173-b1b2-c243bfd76114,0,apolitsch@es-il.org,2019-05-02 20:10:45,,YELLOW,42.134570033003754,-89.27675975578495,apolitsch@es-il.org,2019-05-02 20:10:45,,"736 Belair Dr, Byron, IL 61010, USA"
66d74985-c6e6-45f4-95a2-71af68125ecc,0,apolitsch@es-il.org,2019-05-02 20:11:30,,YELLOW,42.13545724785085,-89.27615395026243,apolitsch@es-il.org,2019-05-02 20:11:30,,"814 Belair Dr, Byron, IL 61010, USA"
84e89040-49c5-4571-9363-26862df95d15,0,apolitsch@es-il.org,2019-05-05 12:54:00,1500,BLUE,42.13387816947544,-89.2790561017963,apolitsch@es-il.org,2019-05-05 12:54:00,,"1543 Southfield Ln, Byron, IL 61010, USA"
89bfa83a-c8e6-42c3-bd77-7697c42f41dc,0,apolitsch@es-il.org,2019-05-05 12:55:36,,YELLOW,42.135383878079764,-89.27869802689281,apolitsch@es-il.org,2019-05-05 12:55:36,,"736 Hampton Dr, Byron, IL 61010, USA"
b04acb6b-6684-4f5b-8fee-ab35cf27f0b6,0,apolitsch@es-il.org,2019-05-05 12:56:02,,YELLOW,42.135607642815806,-89.27724024629322,apolitsch@es-il.org,2019-05-05 12:56:02,,"736 Oxford Dr, Byron, IL 61010, USA"
b6474d4d-6b4c-4776-97ed-02b33da751e9,0,apolitsch@es-il.org,2019-05-05 12:56:22,,YELLOW,42.13634655808349,-89.27724561071125,apolitsch@es-il.org,2019-05-05 12:56:22,,"1523 Westmont Dr, Byron, IL 61010, USA"
bad525bf-b83d-46a2-899e-b539ea7d1c4f,0,apolitsch@es-il.org,2019-05-05 12:56:38,,YELLOW,42.13662998897379,-89.27848210906711,apolitsch@es-il.org,2019-05-05 12:56:38,,"802 Hampton Dr, Byron, IL 61010, USA"
0bc73927-7a96-485d-9448-d5cc367d9c42,0,apolitsch@es-il.org,2019-05-05 12:58:04,,YELLOW,42.13451522363489,-89.28021138840614,apolitsch@es-il.org,2019-05-05 12:58:04,,"1638 Southfield Ln, Byron, IL 61010, USA"
3d18f593-0f63-4e2a-b7a5-122cea904387,0,apolitsch@es-il.org,2019-05-05 12:59:59,,YELLOW,42.135605044399604,-89.27977574655762,apolitsch@es-il.org,2019-05-05 12:59:59,,"727 Kristi Dr, Byron, IL 61010, USA"
c3ccdd77-c46c-412f-baa3-56239bffa3dd,0,apolitsch@es-il.org,2019-05-05 13:00:24,,YELLOW,42.13665424188238,-89.27983341405144,apolitsch@es-il.org,2019-05-05 13:00:24,,"802 Kristi Dr, Byron, IL 61010, USA"
ddd7f1d2-08bd-42d5-beaf-f0941fdf72ea,0,apolitsch@es-il.org,2019-05-05 13:01:05,,YELLOW,42.136957561138495,-89.28149638364067,apolitsch@es-il.org,2019-05-05 13:01:05,,"1848 Penny Ln, Byron, IL 61010, USA"
5857283d-3cc8-49b4-8827-587fc959a862,0,apolitsch@es-il.org,2019-05-05 13:01:49,,YELLOW,42.137774029687805,-89.2798092741703,apolitsch@es-il.org,2019-05-05 13:01:49,,"835 Kristi Dr, Byron, IL 61010, USA"
56a6a6d6-4fc7-4fb1-b256-29df32a04819,0,apolitsch@es-il.org,2019-05-05 13:02:48,,YELLOW,42.1345042351224,-89.28126720859836,apolitsch@es-il.org,2019-05-05 13:02:48,,"1802 Southfield Ln, Byron, IL 61010, USA"
b8f3a654-20b2-40b4-9986-a234c27b49f0,0,apolitsch@es-il.org,2019-05-05 13:03:29,,YELLOW,42.13576020514657,-89.28109643446953,apolitsch@es-il.org,2019-05-05 13:03:29,,"735 Kari Ct, Byron, IL 61010, USA"
dbbc4922-ee3f-42c2-bc72-d136349d0913,0,apolitsch@es-il.org,2019-05-05 13:05:07,,YELLOW,42.13448230101667,-89.28283432094929,apolitsch@es-il.org,2019-05-05 13:05:07,,"1840 Southfield Ln, Byron, IL 61010, USA"
42fd73f9-da1e-4000-9d35-d2bf17a7676a,0,apolitsch@es-il.org,2019-05-05 13:17:39,,YELLOW,42.1356974795844,-89.28346238584254,apolitsch@es-il.org,2019-05-05 13:17:39,,"762 7 Hickory Rd, Byron, IL 61010, USA"
0a2bacaf-684e-4db1-848c-f8347fecee6e,0,apolitsch@es-il.org,2019-05-05 13:18:37,,YELLOW,42.13685426679442,-89.28346640915606,apolitsch@es-il.org,2019-05-05 13:18:37,,"838 7 Hickory Rd, Byron, IL 61010, USA"
77ce1d5f-ce35-41ae-b5a8-7307c1587b0f,0,apolitsch@es-il.org,2019-05-05 13:19:25,,YELLOW,42.137927867942274,-89.28353249407121,apolitsch@es-il.org,2019-05-05 13:19:25,,"1903 Silverthorn Dr, Byron, IL 61010, USA"
29482455-aba3-4b19-9e3d-16290c4763c5,0,apolitsch@es-il.org,2019-05-05 13:20:37,,YELLOW,42.13683891201893,-89.28448333716699,apolitsch@es-il.org,2019-05-05 13:20:37,,"837 Brookview Dr, Byron, IL 61010, USA"
aad1a76b-3bac-47c6-a7e1-e3121e3f5923,0,apolitsch@es-il.org,2019-05-05 13:20:59,,YELLOW,42.13568529445081,-89.2844672439129,apolitsch@es-il.org,2019-05-05 13:20:59,,"749 Brookview Dr, Byron, IL 61010, USA"
233ab293-4b76-4803-bbf3-751ffbddbf19,0,apolitsch@es-il.org,2019-05-05 13:22:11,,YELLOW,42.134470299777554,-89.28384145758076,apolitsch@es-il.org,2019-05-05 13:22:11,,"1918 Southfield Ln, Byron, IL 61010, USA"
8c4ad174-ea49-4f79-92a2-1727333c88f2,0,apolitsch@es-il.org,2019-05-05 13:23:19,,YELLOW,42.1346027383546,-89.28504562972842,apolitsch@es-il.org,2019-05-05 13:23:19,,"2008 Southfield Ln, Byron, IL 61010, USA"
74b56c93-7b98-4c79-8ca0-acd7683cfc13,0,apolitsch@es-il.org,2019-05-05 13:23:50,,YELLOW,42.13522729632257,-89.28587845562754,apolitsch@es-il.org,2019-05-05 13:23:50,,"2029 Southfield Ln, Byron, IL 61010, USA"
13c576b2-57b0-46b5-aa8d-35e5a5de945d,0,apolitsch@es-il.org,2019-05-05 13:24:40,,YELLOW,42.13625362661269,-89.28568935989199,apolitsch@es-il.org,2019-05-05 13:24:40,,"801 Old Hunter Run, Byron, IL 61010, USA"
d15d85fc-9b3b-4bd0-ad4e-e2226010b5a7,0,apolitsch@es-il.org,2019-05-05 13:25:01,,YELLOW,42.13735343164795,-89.2856946985595,apolitsch@es-il.org,2019-05-05 13:25:01,,"2016 Silverthorn Dr, Byron, IL 61010, USA"
b34acad8-c365-4ad2-b5b0-89c0de1423a8,0,apolitsch@es-il.org,2019-05-05 13:25:16,,YELLOW,42.1379441504677,-89.28577784703896,apolitsch@es-il.org,2019-05-05 13:25:16,,"2021 Silverthorn Dr, Byron, IL 61010, USA"
880a3468-142e-49ec-8bd6-0860eb1d2fd2,0,apolitsch@es-il.org,2019-05-05 13:26:40,,YELLOW,42.13547275202763,-89.28665838710253,apolitsch@es-il.org,2019-05-05 13:26:40,,"752 Fieldcrest Dr, Byron, IL 61010, USA"
931e0c7b-233f-460b-b66b-e447ebe48879,0,apolitsch@es-il.org,2019-05-05 13:28:58,,YELLOW,42.136759633181505,-89.28708487787674,apolitsch@es-il.org,2019-05-05 13:28:58,,"836 Fieldcrest Dr, Byron, IL 61010, USA"
2b0f565c-0d3a-4b47-a721-aeb35ceb85a5,0,apolitsch@es-il.org,2019-05-05 13:30:29,,YELLOW,42.13737720851648,-89.28624668755958,apolitsch@es-il.org,2019-05-05 13:30:29,,"2102 Silverthorn Dr, Byron, IL 61010, USA"
5a0763a7-dbe8-44ca-8b9f-2a497b826618,0,apolitsch@es-il.org,2019-05-05 13:31:57,,YELLOW,42.1393759061329,-89.2859191141556,apolitsch@es-il.org,2019-05-05 13:31:57,,"1045 Old Hunter Run, Byron, IL 61010, USA"
28c948df-a58a-442c-b0a4-a2340a488040,0,apolitsch@es-il.org,2019-05-05 13:33:09,1444,GREEN,42.140666687784986,-89.28738896469577,apolitsch@es-il.org,2019-09-26 14:11:15,,"1175 Old Hunter Run, Byron, IL 61010, USA"
4c0fccc5-e9db-4576-bca1-a70a838deec3,0,apolitsch@es-il.org,2019-05-05 13:34:43,,YELLOW,42.13960757477626,-89.28729330367156,apolitsch@es-il.org,2019-05-05 13:34:43,,"1101 Shadow Wood Dr, Byron, IL 61010, USA"
cc84fb0e-1192-458f-af54-0f0f369e6f63,0,apolitsch@es-il.org,2019-05-05 13:42:02,,YELLOW,42.13819017624633,-89.28727245365803,apolitsch@es-il.org,2019-05-05 13:42:02,,"1001 Shadow Wood Dr, Byron, IL 61010, USA"
a3867ff9-5615-495f-926b-5ad94615a0f8,0,apolitsch@es-il.org,2019-05-05 13:42:39,,YELLOW,42.140206462078645,-89.28611241461562,apolitsch@es-il.org,2019-05-05 13:42:39,,"1125 Old Hunter Run, Byron, IL 61010, USA"
a66d334a-0682-43b5-a697-8dc6a67a7572,0,apolitsch@es-il.org,2019-05-05 13:44:43,,YELLOW,42.137876376122826,-89.27207708584496,apolitsch@es-il.org,2019-05-05 13:44:43,,"8550 Verde Dr, Byron, IL 61010, USA"
079cdd34-9211-4066-8120-e7239448d7c4,0,apolitsch@es-il.org,2019-05-05 13:48:04,,YELLOW,42.13789228768169,-89.26986426340767,apolitsch@es-il.org,2019-05-05 13:48:04,,"3361 E Mill Rd, Byron, IL 61010, USA"
8daa9613-3e87-4cae-9ec0-322ff7c867f8,0,apolitsch@es-il.org,2019-05-05 13:48:53,,YELLOW,42.137744111135106,-89.26606625544258,apolitsch@es-il.org,2019-05-05 13:48:53,,"4005 E Mill Rd, Byron, IL 61010, USA"
0c0824c9-4e36-428a-9ea9-47fcda17a357,0,apolitsch@es-il.org,2019-05-05 13:55:59,,YELLOW,42.13580485591337,-89.26446363555618,apolitsch@es-il.org,2019-05-05 13:55:59,,"N Colfax St, Byron, IL 61010, USA"
4766716a-9634-42fa-822b-cfadfda8dcdc,0,apolitsch@es-il.org,2019-05-05 13:58:28,,YELLOW,42.133683541043105,-89.26340013968178,apolitsch@es-il.org,2019-05-05 13:58:28,,"718 N Colfax St, Byron, IL 61010, USA"
8ff47988-f276-4f53-8353-fca147075f4d,0,apolitsch@es-il.org,2019-05-05 13:58:50,,YELLOW,42.13308084790821,-89.26406130420395,apolitsch@es-il.org,2019-05-05 13:58:50,,"718 N Colfax St, Byron, IL 61010, USA"
572460c8-9c8a-4e1b-96c6-f7d045c088ce,0,apolitsch@es-il.org,2019-05-05 14:03:54,,YELLOW,42.129085623160854,-89.26399559008308,apolitsch@es-il.org,2019-05-05 14:03:54,,"420 N Colfax St, Byron, IL 61010, USA"
b4f8690d-39bd-41bf-ab48-a78423f4eddf,0,apolitsch@es-il.org,2019-05-05 16:16:19,,YELLOW,42.09417572036092,-89.31639977094198,apolitsch@es-il.org,2019-05-05 16:16:19,,"601 N Devils Ln, Byron, IL 61010, USA"
ad3a9964-6659-4456-9e31-987390cdd6a4,0,admin@byronfd.com,2019-05-05 17:17:30,,YELLOW,42.1378413513625,-89.27395702824032,admin@byronfd.com,2019-05-05 17:17:30,0,"3221 E Mill Rd
Byron IL 61010
United States"
2d47de3e-9ebf-437f-8222-ce8a706af678,0,admin@byronfd.com,2019-05-05 17:19:53,,YELLOW,42.137802750895105,-89.27595358866876,admin@byronfd.com,2019-05-05 17:19:53,0,"3159 E Mill Rd
Byron IL 61010
United States"
c4899662-ac14-4452-b3c8-89db127b99f8,0,admin@byronfd.com,2019-05-05 17:20:28,,YELLOW,42.13782761273804,-89.27480157966222,admin@byronfd.com,2019-05-05 17:20:28,0,"3221 E Mill Rd
Byron IL 61010
United States"
5a6310c1-86c8-4fc4-b00b-01de9143f95f,0,admin@byronfd.com,2019-05-05 17:22:04,,YELLOW,42.137877766029625,-89.2680268834711,admin@byronfd.com,2019-05-05 17:22:04,0,"3503–3599 E Mill Rd
Byron IL 61010
United States"
01594c8e-c452-4598-b9dd-c492c50937d4,0,admin@byronfd.com,2019-05-05 17:23:08,,YELLOW,42.13774351206814,-89.2654358690349,admin@byronfd.com,2019-05-05 17:23:08,0,"751–999 N Colfax St
Byron IL 61010
United States"
f91fac23-4f8f-4d1f-82a6-8a49d757b6f5,0,admin@byronfd.com,2019-05-05 17:23:51,,YELLOW,42.135175001713456,-89.26611912721994,admin@byronfd.com,2019-05-05 17:23:51,0,"850 N Colfax St
Byron IL 61010
United States"
88883666-b565-4c01-a401-287f103b7b8c,0,admin@byronfd.com,2019-05-05 17:24:29,,YELLOW,42.134323373383296,-89.26603288060961,admin@byronfd.com,2019-05-05 17:24:29,0,"850 N Colfax St
Byron IL 61010
United States"
28069f64-b098-405f-891c-29a639283f57,0,admin@byronfd.com,2019-05-05 17:24:55,,YELLOW,42.133312844729666,-89.26569262185102,admin@byronfd.com,2019-05-05 17:24:55,0,"850 N Colfax St
Byron IL 61010
United States"
0b4a6ae5-1346-45c5-bff7-3a8c3cba430c,0,admin@byronfd.com,2019-05-05 17:25:22,,YELLOW,42.13294187857518,-89.26651337797674,admin@byronfd.com,2019-05-05 17:25:22,0,"850 N Colfax St
Byron IL 61010
United States"
00ea4137-27b3-41dd-aee1-55a9e314c3f5,0,admin@byronfd.com,2019-05-05 17:25:59,,YELLOW,42.13360976170305,-89.26758272294654,admin@byronfd.com,2019-05-05 17:25:59,0,"850 N Colfax St
Byron IL 61010
United States"
878e765d-2692-4747-907e-13464622a785,0,admin@byronfd.com,2019-05-05 17:26:28,,YELLOW,42.13465750174511,-89.26781028372348,admin@byronfd.com,2019-05-05 17:26:28,0,"850 N Colfax St
Byron IL 61010
United States"
899c7f9a-f877-495c-8e11-7a67861d8149,0,admin@byronfd.com,2019-05-05 17:27:11,,YELLOW,42.13546107147649,-89.26676019868025,admin@byronfd.com,2019-05-05 17:27:11,0,"850 N Colfax St
Byron IL 61010
United States"
3644622c-e0e7-4d30-90ae-476071e6d31d,0,admin@byronfd.com,2019-05-05 17:28:55,,YELLOW,42.13179891341043,-89.26556504688075,admin@byronfd.com,2019-05-05 17:28:55,0,"7th St
Byron IL 61010
United States"
8b5c5a53-16b5-4a3b-98a7-64ab3e739997,0,admin@byronfd.com,2019-05-05 17:29:42,,YELLOW,42.131687749488734,-89.26722299001726,admin@byronfd.com,2019-05-05 17:29:42,0,"7th St
Byron IL 61010
United States"
0a9b05bd-3fed-46fb-bca4-ee3782318bd6,0,admin@byronfd.com,2019-05-05 17:31:16,,YELLOW,42.130817742628196,-89.26643159471605,admin@byronfd.com,2019-05-05 17:31:16,0,"696 N Colfax St
Byron IL 61010
United States"
2c344e9d-7475-48c6-8e09-7ec662a9de3b,0,admin@byronfd.com,2019-05-05 17:35:25,,YELLOW,42.12644610954934,-89.26931397557546,admin@byronfd.com,2019-05-05 17:35:25,0,"907–1099 W 2nd St
Byron IL 61010
United States"
496e24b4-272a-4e85-a0ce-29acc5b87e57,0,admin@byronfd.com,2019-05-05 17:36:41,,YELLOW,42.12794570243857,-89.26695222407588,admin@byronfd.com,2019-05-05 17:36:41,0,"101 Blanchard Ct
Byron IL 61010
United States"
200165e4-9e74-4ab6-b67f-7af76d000c11,0,admin@byronfd.com,2019-05-05 17:37:14,,YELLOW,42.12785718042312,-89.26606843602546,admin@byronfd.com,2019-05-05 17:37:14,0,"101 Blanchard Ct
Byron IL 61010
United States"
8c3990b2-32de-4c11-8b73-16099afe3e3b,0,admin@byronfd.com,2019-05-05 17:38:40,,YELLOW,42.12629632309824,-89.26550005506381,admin@byronfd.com,2019-05-05 17:38:40,0,"802 W 2nd St
Byron IL 61010
United States"
65b8b586-5a26-4b43-b2ba-a6843d014b2e,0,admin@byronfd.com,2019-05-05 17:38:48,,YELLOW,42.12649326440061,-89.26522915189814,admin@byronfd.com,2019-05-05 17:38:48,0,"701 W 2nd St
Byron IL 61010
United States"
4d30ca2f-9b89-45c5-b5b6-df2afa644129,0,admin@byronfd.com,2019-05-05 17:39:03,,YELLOW,42.127322798317415,-89.26530693597542,admin@byronfd.com,2019-05-05 17:39:03,0,"701 W 2nd St
Byron IL 61010
United States"
4134af38-bd83-4bfe-884a-c3533249dfd0,0,admin@byronfd.com,2019-05-05 17:41:23,,YELLOW,42.13050438660943,-89.26427529633811,admin@byronfd.com,2019-05-05 17:41:23,0,"696 N Colfax St
Byron IL 61010
United States"
8851b237-45b9-46c5-9f01-d59f78914d3c,0,admin@byronfd.com,2019-05-05 17:42:32,,YELLOW,42.128981548498984,-89.26475815290222,admin@byronfd.com,2019-05-05 17:42:32,0,"696 N Colfax St
Byron IL 61010
United States"
04a406bb-4a05-4b6f-bf96-888f0052e831,0,admin@byronfd.com,2019-05-05 17:42:50,,YELLOW,42.12847459204259,-89.26477693572794,admin@byronfd.com,2019-05-05 17:42:50,0,"696 N Colfax St
Byron IL 61010
United States"
f1defe4b-7352-49ef-b126-5c436f459ab3,0,admin@byronfd.com,2019-05-05 17:43:50,,YELLOW,42.12755923194227,-89.2635479680837,admin@byronfd.com,2019-05-05 17:43:50,0,"252 N Colfax St
Byron IL 61010
United States"
1b9ed6a1-bcbb-4f4a-a99b-8ad7eddc8585,0,admin@byronfd.com,2019-05-05 17:44:31,,YELLOW,42.127630560991854,-89.26147438917529,admin@byronfd.com,2019-05-05 17:44:31,0,"426 W 3rd St
Byron IL 61010
United States"
15bf0391-0332-4ee2-88d8-bb1f8fff05cf,0,admin@byronfd.com,2019-05-05 17:44:59,,YELLOW,42.12765953929776,-89.26014417883155,admin@byronfd.com,2019-05-05 17:44:59,0,"320 W 3rd St
Byron IL 61010
United States"
8157398c-330a-478c-9ee1-49bb9d301c0e,0,apolitsch@es-il.org,2019-05-05 22:25:49,,YELLOW,42.12888900652241,-89.26027537356663,apolitsch@es-il.org,2019-05-05 22:25:49,,"328 W 4th St, Byron, IL 61010, USA"
193d14e4-3fae-441a-9180-a1fd0042f5e3,0,apolitsch@es-il.org,2019-05-05 22:46:12,,YELLOW,42.129083928789434,-89.25788942343877,apolitsch@es-il.org,2019-05-05 22:46:12,,"334 N Union St, Byron, IL 61010, USA"
bb1e333c-e09b-4195-95c7-1fae1c0d8ceb,0,apolitsch@es-il.org,2019-05-05 22:46:41,,YELLOW,42.12774955814865,-89.25755821659283,apolitsch@es-il.org,2019-05-05 22:46:41,,"138 W 3rd St, Byron, IL 61010, USA"
db825242-0325-4eef-b5ba-d1f4547e0200,0,apolitsch@es-il.org,2019-05-05 22:47:12,,YELLOW,42.126676341594944,-89.2577325601788,apolitsch@es-il.org,2019-05-05 22:47:12,,"200 N Walnut St, Byron, IL 61010, USA"
31f8df40-49ac-4278-8443-6d69fc1b6db3,0,apolitsch@es-il.org,2019-05-05 22:47:40,,YELLOW,42.1264949837105,-89.25833903001921,apolitsch@es-il.org,2019-05-05 22:47:40,,"232 W 2nd St, Byron, IL 61010, USA"
c2a13574-062a-4103-8bb0-ac0a0f52f162,0,apolitsch@es-il.org,2019-05-05 22:48:48,,YELLOW,42.1266173256982,-89.26016293214934,apolitsch@es-il.org,2019-05-05 22:48:48,,"2000 N Franklin St, Byron, IL 61010, USA"
e66a2772-f2b6-450f-9618-de6eced1ba39,0,apolitsch@es-il.org,2019-05-05 22:49:09,,YELLOW,42.12657952901175,-89.26144502805846,apolitsch@es-il.org,2019-05-05 22:49:09,,"425 W 2nd St, Byron, IL 61010, USA"
23fa3457-ff0a-479a-add6-affd7f31d1a4,0,apolitsch@es-il.org,2019-05-05 22:50:38,1199,GREEN,42.126756576453545,-89.25427011894362,apolitsch@es-il.org,2019-09-26 14:13:33,,"201 2nd St, Byron, IL 61010, USA"
eddbc91d-be29-4fab-9874-d1f45d208bf2,0,apolitsch@es-il.org,2019-05-05 22:51:07,1286,GREEN,42.12730041972929,-89.25272185163516,apolitsch@es-il.org,2019-09-26 14:39:51,,"N. Market @ Water Tower,  Byron, IL 61010, USA"
65cab430-ef6b-4440-b48e-5ef09af88c47,0,apolitsch@es-il.org,2019-05-05 22:51:26,1314,GREEN,42.12784150082829,-89.25292435841578,apolitsch@es-il.org,2019-09-26 14:17:56,,"226 E 3rd St, Byron, IL 61010, USA"
2bd2534f-78e2-4570-b337-8ebf33af6f35,0,apolitsch@es-il.org,2019-05-05 22:51:46,1314,GREEN,42.127818624331276,-89.25434861140269,apolitsch@es-il.org,2019-09-26 14:56:32,,"229 N Chestnut St, Byron, IL 61010, USA"
76143948-1fc6-4e87-95f5-318cdbe16125,0,apolitsch@es-il.org,2019-05-05 22:52:18,1122,GREEN,42.12792405507493,-89.25595525460261,apolitsch@es-il.org,2019-09-26 19:14:28,,"103 E 3rd St, Byron, IL 61010, USA"
9983631c-a395-47b0-989f-d68e1759ba62,0,apolitsch@es-il.org,2019-05-05 22:52:45,,YELLOW,42.128941552195705,-89.25603169755954,apolitsch@es-il.org,2019-05-05 22:52:45,,"334 N Union St, Byron, IL 61010, USA"
7b447cbf-6cd5-4d85-9af8-b2929aebfe21,0,apolitsch@es-il.org,2019-05-05 22:54:59,,YELLOW,42.12916728066501,-89.254376869221,apolitsch@es-il.org,2019-05-05 22:54:59,,"205 E 4th St, Byron, IL 61010, USA"
4b349260-9e3c-4e38-8221-a10813385146,0,apolitsch@es-il.org,2019-05-05 22:55:27,,YELLOW,42.12920507580749,-89.253026376982,apolitsch@es-il.org,2019-05-05 22:55:27,,"239 E 4th St, Byron, IL 61010, USA"
3904ca8a-7ef7-46d2-9952-6c8b1aeb66f5,0,apolitsch@es-il.org,2019-05-05 22:55:34,,YELLOW,42.12924287092742,-89.25138486506489,apolitsch@es-il.org,2019-05-05 22:55:34,,"335 E 4th St, Byron, IL 61010, USA"
7be49b4e-5a8d-4742-bf59-cf343d2c0685,0,apolitsch@es-il.org,2019-05-05 22:55:47,,YELLOW,42.12928663366967,-89.2497648108199,apolitsch@es-il.org,2019-05-05 22:55:47,,"401 N Mineral St, Byron, IL 61010, USA"
b76803e4-b443-4712-baa1-d5f04eac33e4,0,apolitsch@es-il.org,2019-05-05 22:56:12,,YELLOW,42.13048114593661,-89.24981174947766,apolitsch@es-il.org,2019-05-05 22:56:12,,"507 N Mineral St, Byron, IL 61010, USA"
3dc2b992-f901-4a43-88bb-0d8e0524032d,0,apolitsch@es-il.org,2019-05-05 22:57:16,,YELLOW,42.12806723321757,-89.24971518995312,apolitsch@es-il.org,2019-05-05 22:57:16,,"304 N Mineral St, Byron, IL 61010, USA"
18312d05-9b88-4e99-b740-623bdd095beb,0,apolitsch@es-il.org,2019-05-05 22:57:54,,YELLOW,42.12687321505578,-89.24966427637128,apolitsch@es-il.org,2019-05-05 22:57:54,,"431 2nd St, Byron, IL 61010, USA"
777f7332-5684-4ecc-9b85-ac6b88659df5,0,apolitsch@es-il.org,2019-05-05 22:58:18,,YELLOW,42.1268493435634,-89.25104024959592,apolitsch@es-il.org,2019-05-05 22:58:18,,"203 N Peru St, Byron, IL 61010, USA"
a39f3234-edbb-4606-a453-7d164f4978ab,0,apolitsch@es-il.org,2019-05-05 22:59:11,,YELLOW,42.12802296022395,-89.25131845915979,apolitsch@es-il.org,2019-05-05 22:59:11,,"335 E 3rd St, Byron, IL 61010, USA"
4e0bfa0a-5b75-4446-90c0-8450b3b28397,0,apolitsch@es-il.org,2019-05-05 23:00:22,,YELLOW,42.125574009230355,-89.25259079816908,apolitsch@es-il.org,2019-09-26 14:57:36,,"303 E Blackhawk Dr, Byron, IL 61010, USA"
09f281c4-e0c1-4752-a60c-c9f75db4b6ff,0,apolitsch@es-il.org,2019-05-05 23:02:30,,YELLOW,42.13031022533856,-89.25117427182778,apolitsch@es-il.org,2019-05-05 23:02:30,,"405 E 5th St, Byron, IL 61010, USA"
15b16c0e-b33f-4cf0-840c-23809617bc68,0,admin@byronfd.com,2019-05-05 23:07:24,1444,GREEN,42.12560474846207,-89.25122124260896,apolitsch@es-il.org,2019-09-26 14:58:52,,"325 E Blackhawk Dr
Byron IL 61010
United States"
939b8a10-bb99-4720-9694-69896ee38ec0,0,admin@byronfd.com,2019-05-05 23:12:07,,YELLOW,42.12827996148062,-89.24669544334421,admin@byronfd.com,2019-05-05 23:12:07,0,"100–132 Kysor Dr
Byron IL 61010
United States"
0dd9ce44-c973-488d-8efb-70bcae43fb7e,0,admin@byronfd.com,2019-05-05 23:12:31,,YELLOW,42.12761300741512,-89.24627228182597,admin@byronfd.com,2019-05-05 23:12:31,0,"130 Kysor Dr
Byron IL 61010
United States"
966bb012-58af-4b2a-b3ba-d267703f3c95,0,admin@byronfd.com,2019-05-05 23:14:20,,YELLOW,42.12837026610598,-89.24325716557517,admin@byronfd.com,2019-05-05 23:14:20,0,"134–198 Kysor Dr
Byron IL 61010
United States"
0d3a7ad4-2ebd-489c-ba16-6f2c2649ae99,0,admin@byronfd.com,2019-05-05 23:18:11,,YELLOW,42.12841370110909,-89.24004966754414,admin@byronfd.com,2019-05-05 23:18:11,0,"1273 Kysor Dr
Byron IL 61010
United States"
c7e0659d-834e-43bf-9aeb-502c9462a5d9,0,admin@byronfd.com,2019-05-05 23:19:19,,YELLOW,42.12847597760813,-89.23724493980622,admin@byronfd.com,2019-05-05 23:19:19,0,"1503 Kysor Dr
Byron IL 61010
United States"
0288f3c6-cb3b-4076-9201-36c8b4812b95,0,admin@byronfd.com,2019-05-05 23:19:51,,YELLOW,42.12938107567521,-89.23723957538706,admin@byronfd.com,2019-05-05 23:19:51,0,"1503 Kysor Dr
Byron IL 61010
United States"
f41b952d-dc2a-4cda-a64d-e1597d0b2cce,0,admin@byronfd.com,2019-05-05 23:21:27,,YELLOW,42.129821091188546,-89.23908687689689,admin@byronfd.com,2019-05-05 23:21:27,0,"1355 Kysor Dr
Byron IL 61010
United States"
79731603-b6f6-4bee-9c61-5726c43b4760,0,admin@byronfd.com,2019-05-05 23:22:47,,YELLOW,42.12957500734886,-89.2404061923901,admin@byronfd.com,2019-05-05 23:22:47,0,"1291 Kysor Dr
Byron IL 61010
United States"
aec5304f-6480-4b81-a31d-5a1ab0f237b9,0,admin@byronfd.com,2019-05-05 23:26:00,,YELLOW,42.13009637663454,-89.24581640110081,admin@byronfd.com,2019-05-05 23:26:00,0,"602 E Blackhawk Dr
Byron IL 61010
United States"
f289bc01-e266-4f90-a7ce-f138c6bdd2d6,0,admin@byronfd.com,2019-05-05 23:26:29,,YELLOW,42.130124759969526,-89.24417623010714,admin@byronfd.com,2019-05-05 23:26:29,0,"602 E Blackhawk Dr
Byron IL 61010
United States"
9b87ae3a-164a-458b-a230-60b8aa0dc620,0,admin@byronfd.com,2019-05-05 23:26:51,,YELLOW,42.130324088711305,-89.24666621483746,admin@byronfd.com,2019-05-05 23:26:51,0,"637 Luther Dr
Byron IL 61010
United States"
e0ed302e-eee9-48a4-8020-04830df27ab0,0,admin@byronfd.com,2019-05-05 23:28:16,,YELLOW,42.130909763094486,-89.24803690396266,admin@byronfd.com,2019-05-05 23:28:16,0,"531 Luther Dr
Byron IL 61010
United States"
a7c471f7-d8ea-4da3-932d-b39457417d04,0,admin@byronfd.com,2019-05-05 23:28:55,,YELLOW,42.1313284807965,-89.24649731567449,admin@byronfd.com,2019-10-07 17:26:15,,"647 Allison Cir
Byron IL 61010
United States"
e4c9f3f8-2686-45bb-a162-a88af795e3e1,0,admin@byronfd.com,2019-05-05 23:32:13,,YELLOW,42.13088499641484,-89.24975751908823,admin@byronfd.com,2019-05-05 23:32:13,0,"516–528 N Mineral St
Byron IL 61010
United States"
b6951794-af0e-4b25-bb27-7d1c5af2cea5,0,admin@byronfd.com,2019-05-05 23:32:52,,YELLOW,42.13223463054418,-89.24979507002205,admin@byronfd.com,2019-05-05 23:32:52,0,"530–548 N Mineral St
Byron IL 61010
United States"
71b6268e-2414-4a3a-9730-f8ce8698f604,0,admin@byronfd.com,2019-05-05 23:33:17,,YELLOW,42.1332652654487,-89.25003733038703,admin@byronfd.com,2019-05-05 23:33:17,0,"4504 E Old State Rd
Byron IL 61010
United States"
6c4510c5-c09f-4c81-b5a8-7b76cde5be1b,0,admin@byronfd.com,2019-05-05 23:34:06,,YELLOW,42.1334437779421,-89.24630140791331,admin@byronfd.com,2019-05-05 23:34:06,0,"4696 E Old State Rd
Byron IL 61010
United States"
c416d922-8723-4eb4-9b1e-5bdf99ddf021,0,admin@byronfd.com,2019-05-05 23:35:20,,YELLOW,42.134184708172334,-89.24840401327248,admin@byronfd.com,2019-05-05 23:35:20,0,"721 Birch St
Byron IL 61010
United States"
81b2ce9d-59c2-4493-88d3-84c0c77e6eb9,0,admin@byronfd.com,2019-05-05 23:35:38,,YELLOW,42.13487789229619,-89.24869637411463,admin@byronfd.com,2019-05-05 23:35:38,0,"774 Birch St
Byron IL 61010
United States"
70a4cf1b-5438-4c5e-884c-0401437c83d3,0,admin@byronfd.com,2019-05-05 23:36:03,,YELLOW,42.13493224419117,-89.24711461252663,admin@byronfd.com,2019-05-05 23:36:03,0,"658 Harvest Dr
Byron IL 61010
United States"
70ca7f9f-659d-4116-bc26-17aee3f720f0,0,admin@byronfd.com,2019-05-05 23:36:31,,YELLOW,42.136074936201105,-89.24680213511273,admin@byronfd.com,2019-05-05 23:36:31,0,"867 Hillside Dr
Byron IL 61010
United States"
e13d6899-e0db-4c81-8efa-b49c8303f153,0,admin@byronfd.com,2019-05-05 23:37:11,,YELLOW,42.13684368084331,-89.24877355914025,admin@byronfd.com,2019-05-05 23:37:11,0,"833 Hillside Dr
Byron IL 61010
United States"
2b79de0e-7ea5-4aa4-bab2-495cd859e8ce,0,apolitsch@es-il.org,2019-05-06 11:45:38,,YELLOW,42.12665540735675,-89.27226798183904,apolitsch@es-il.org,2019-05-06 11:45:38,,"1169 W 2nd St, Byron, IL 61010, USA"
49e7f4ac-efd9-4554-a668-f8444797c023,0,apolitsch@es-il.org,2019-05-06 11:47:41,,YELLOW,42.126126852052124,-89.27474180842034,apolitsch@es-il.org,2019-05-06 11:47:41,,"109 N Fox Run Ln, Byron, IL 61010, USA"
e075257a-7c83-4b1a-84c9-28399e328b17,0,apolitsch@es-il.org,2019-05-06 11:48:12,,YELLOW,42.12704391921139,-89.27452454949014,apolitsch@es-il.org,2019-05-06 11:48:12,,"136 N Fox Run Ln, Byron, IL 61010, USA"
cc9b177f-51e4-41cc-82b9-5d916904fb18,0,apolitsch@es-il.org,2019-05-06 11:49:03,,YELLOW,42.12792118795274,-89.27393446350686,apolitsch@es-il.org,2019-05-06 11:49:03,,"156 N Fox Run Ln, Byron, IL 61010, USA"
630d2c0f-8866-436f-8223-00f0673cbc89,0,apolitsch@es-il.org,2019-05-06 11:50:08,,YELLOW,42.12676894148566,-89.27613387695601,apolitsch@es-il.org,2019-05-06 11:50:08,,"213 Creekside Dr, Byron, IL 61010, USA"
5ed897e9-e1ae-46cc-9df6-728ceebf1d8f,0,apolitsch@es-il.org,2019-05-06 11:50:37,,YELLOW,42.127838177950075,-89.27556793085387,apolitsch@es-il.org,2019-05-06 11:50:37,,"323 Creekside Dr, Byron, IL 61010, USA"
3df27590-cc7f-47d0-9235-2b4da34db85d,0,apolitsch@es-il.org,2019-05-06 11:51:08,,YELLOW,42.1289332563104,-89.27538419953635,apolitsch@es-il.org,2019-05-06 11:51:08,,"406 Mill Ridge Dr, Byron, IL 61010, USA"
f229c017-34c1-4ad9-8840-a522f3e3897d,0,apolitsch@es-il.org,2019-05-06 11:51:41,,YELLOW,42.12945443136991,-89.27616204015067,apolitsch@es-il.org,2019-05-06 11:51:41,,"422 4 6 8 Creekside Ct, Byron, IL 61010, USA"
f898723a-41e8-4596-9406-4173a7ba8dc4,0,apolitsch@es-il.org,2019-05-06 11:52:05,,YELLOW,42.13032271540985,-89.27545259586623,apolitsch@es-il.org,2019-05-06 11:52:05,,"503 507 Creekside Dr, Byron, IL 61010, USA"
f20a8fa0-e001-4530-9739-c64c0c8d36b5,0,apolitsch@es-il.org,2019-05-06 11:52:22,,YELLOW,42.1305544547279,-89.27627066961577,apolitsch@es-il.org,2019-05-06 11:52:22,,"542 4 6 8 Creekside Cir, Byron, IL 61010, USA"
5c935f22-7476-4339-a7b5-d8351f51a7c1,0,apolitsch@es-il.org,2019-05-06 11:52:46,,YELLOW,42.131565942168244,-89.2759166180258,apolitsch@es-il.org,2019-05-06 11:52:46,,"1422 Crimson Ridge Ln, Byron, IL 61010, USA"
64dbf2b2-dec1-49a5-89d0-2ebd22dab04a,0,apolitsch@es-il.org,2019-05-06 11:53:23,,YELLOW,42.13185536185607,-89.2742241441374,apolitsch@es-il.org,2019-05-06 11:53:23,,"1407 Crimson Ridge Ln, Byron, IL 61010, USA"
aa998d23-ff6f-4b2a-a56e-459b82a8fc96,0,apolitsch@es-il.org,2019-05-06 11:54:28,,YELLOW,42.13048964708378,-89.27420115893017,apolitsch@es-il.org,2019-05-06 11:54:28,,"509 Mill Ridge Dr, Byron, IL 61010, USA"
b89ced09-90c1-48b0-a5ea-315cfd995359,0,apolitsch@es-il.org,2019-05-06 11:55:10,,YELLOW,42.12939513106674,-89.27419197857364,apolitsch@es-il.org,2019-05-06 11:55:10,,"445 Mill Ridge Dr, Byron, IL 61010, USA"
cab49103-1b1c-42e7-9d2a-80c43a71850e,0,apolitsch@es-il.org,2019-05-20 17:00:17,,YELLOW,42.124299783323444,-89.27602983254042,apolitsch@es-il.org,2019-05-20 17:00:17,,"138s S Fox Run Ln, Byron, IL 61010, USA"
dff406e7-f27a-4904-ac5e-e2b240b9b80f,0,apolitsch@es-il.org,2019-05-20 17:01:06,,YELLOW,42.12269831905585,-89.27525065082159,apolitsch@es-il.org,2019-05-20 17:01:06,,"169 S Fox Run Ln, Byron, IL 61010, USA"
3c8d73e4-d755-464c-8f66-0c3de370be6a,0,apolitsch@es-il.org,2019-05-20 17:01:38,,YELLOW,42.1234344008269,-89.27486709493246,apolitsch@es-il.org,2019-05-20 17:01:38,,"155 Deer Wood Ct, Byron, IL 61010, USA"
38d96e0c-2815-42a4-a546-380b60905b75,0,apolitsch@es-il.org,2019-05-20 17:01:52,,YELLOW,42.12291516565535,-89.27444330590811,apolitsch@es-il.org,2019-05-20 17:01:52,,"196 S Fox Run Ln, Byron, IL 61010, USA"
495add24-d112-40b6-8f3e-f98d85ea6b27,0,admin@byronfd.com,2019-05-20 19:32:43,1505,BLUE,42.124934611091795,-89.25121412347592,apolitsch@es-il.org,2019-09-26 18:47:25,,"110 Peru St
Byron IL 61010
United States"
3e694bf0-4ae3-4080-a56f-f1e4b5f012b6,0,admin@byronfd.com,2019-05-20 19:34:32,1169,GREEN,42.12468717820959,-89.25614879982949,apolitsch@es-il.org,2019-09-26 19:50:35,,"201 S Union St
Byron IL 61010
United States"
bb36d778-2b11-4f93-8d54-75b61a09dab3,0,admin@byronfd.com,2019-05-20 19:35:03,,YELLOW,42.12466307172824,-89.25762555236616,admin@byronfd.com,2019-05-20 19:35:03,0,"205 W Merchant St
Byron IL 61010
United States"
3a3dce5c-4c15-4c05-9259-c72566423e19,0,admin@byronfd.com,2019-05-20 19:35:30,1367,GREEN,42.12416771903689,-89.25768456097651,apolitsch@es-il.org,2019-09-26 19:21:10,,"205 W Merchant St
Byron IL 61010
United States"
6296bff5-1717-4767-b5d7-3a8a5b6b5ef4,0,admin@byronfd.com,2019-05-20 19:37:13,1493,GREEN,42.12422664459334,-89.2544137049578,apolitsch@es-il.org,2019-09-26 18:48:54,,"135 E Merchant St
Byron IL 61010
United States"
6dde7206-9e01-4fcc-9ead-0e81f1605738,0,admin@byronfd.com,2019-05-20 19:44:44,,YELLOW,42.123026589713085,-89.25868766025819,admin@byronfd.com,2019-05-20 19:44:44,0,"221 S Washington St
Byron IL 61010
United States"
734c55c1-63da-4679-bb6a-518f6e8ba781,0,admin@byronfd.com,2019-05-20 19:46:15,1314,GREEN,42.124129663503496,-89.26003100232164,apolitsch@es-il.org,2019-09-26 19:22:07,,129 S Franklin St. Byron IL 61010 United States
2ffcaea0-7c27-4201-803a-40dcdef2c58d,0,admin@byronfd.com,2019-05-20 19:47:57,1169,GREEN,42.12276341038212,-89.26128657336037,apolitsch@es-il.org,2019-09-26 19:22:55,,"233 S Lafayette St
Byron IL 61010
United States"
f0785f5e-1a33-4163-8070-ed17eb3784bc,0,admin@byronfd.com,2019-05-20 19:49:58,1314,GREEN,42.12292305885352,-89.26263638302935,apolitsch@es-il.org,2019-09-26 19:23:44,,"304 S West St
Byron IL 61010
United States"
0c1744d5-9803-4c3e-9913-9592e2513a2d,0,admin@byronfd.com,2019-05-20 19:52:28,1314,GREEN,42.12397124608937,-89.26385554851657,apolitsch@es-il.org,2019-09-26 19:27:50,,"130 S Colfax St
Byron IL 61010
United States"
2851bee5-2926-4901-9b2a-f3c8bfc6290d,0,admin@byronfd.com,2019-05-20 19:55:25,1367,GREEN,42.1240185555121,-89.26551503755579,apolitsch@es-il.org,2019-09-26 19:34:28,,"802 Crest View Trl
Byron IL 61010
United States"
be5d952d-54a5-4518-a42a-6436621657d3,0,admin@byronfd.com,2019-05-20 19:56:49,1393,GREEN,42.124543679064125,-89.26729856010142,apolitsch@es-il.org,2019-09-26 19:33:45,,"924 Crest View Trl
Byron IL 61010
United States"
59363e71-a6f0-4cd6-bdd2-ea3b01011a21,0,admin@byronfd.com,2019-05-20 19:57:23,,YELLOW,42.124496379722444,-89.26836784550468,admin@byronfd.com,2019-05-20 19:57:23,0,"944 Crest View Trl
Byron IL 61010
United States"
44da6c9b-aab7-4d6c-9cbc-c5ca65dec6b2,0,admin@byronfd.com,2019-05-20 19:57:59,1341,GREEN,42.12439203825056,-89.26912274636081,apolitsch@es-il.org,2019-09-26 19:44:22,,"1016 Crest View Trl
Byron IL 61010
United States"
a833123e-bba6-402f-960a-a65b9940e73f,0,admin@byronfd.com,2019-05-20 19:58:35,,YELLOW,42.12372819424854,-89.26836595734066,admin@byronfd.com,2019-05-20 19:58:35,0,"944 Crest Ct
Byron IL 61010
United States"
0c1cd886-feff-487c-929e-9d83b269eb5e,0,admin@byronfd.com,2019-05-20 19:59:09,1393,GREEN,42.123808212806864,-89.26706896909181,apolitsch@es-il.org,2019-09-26 19:34:47,,"924 Crest Ct
Byron IL 61010
United States"
7ca57bfe-feec-4e72-ae66-74293aa75136,0,admin@byronfd.com,2019-05-20 20:00:02,1393,GREEN,42.12336935781272,-89.26544179160683,apolitsch@es-il.org,2019-09-26 19:55:44,,"803 Park Dr
Byron IL 61010
United States"
2118e33c-da2e-4ccc-bbd7-0a97d6591e99,0,admin@byronfd.com,2019-05-20 20:00:32,1517,BLUE,42.122440534650664,-89.26547524618724,apolitsch@es-il.org,2019-09-26 19:52:03,,"803 River Dr
Byron IL 61010
United States"
82c8e76c-4599-495e-871f-67a5b7ec6d63,0,admin@byronfd.com,2019-05-20 20:00:48,,YELLOW,42.12242904471991,-89.26541679862947,admin@byronfd.com,2019-05-20 20:00:48,,"803 River Dr, Byron, IL 61010, USA"
7a3ac4e7-380d-4dfd-962d-eef95dbbb0de,0,admin@byronfd.com,2019-05-20 20:01:17,,YELLOW,42.122786684897235,-89.26782560806926,admin@byronfd.com,2019-05-20 20:01:17,0,"915 River Ln
Byron IL 61010
United States"
2abe0739-521b-4d26-b194-96c0df355f4a,0,admin@byronfd.com,2019-05-20 20:01:24,1517,BLUE,42.12274635804274,-89.26783883336992,apolitsch@es-il.org,2019-09-26 19:57:47,,"915 River Dr, Byron, IL 61010, USA"
6987d123-3fa9-46b7-9a31-de7e1a6a2bb7,0,admin@byronfd.com,2019-05-20 20:01:26,1444,GREEN,42.12305426123864,-89.26806298361541,apolitsch@es-il.org,2019-09-26 19:39:10,,927 River Ln. Byron IL 61010 United States
f59b07d7-ae3e-4f02-9866-50dc8d543087,0,admin@byronfd.com,2019-05-20 20:01:59,,YELLOW,42.12307759564681,-89.26804804567308,admin@byronfd.com,2019-05-20 20:01:59,,"931 River Dr, Byron, IL 61010, USA"
4eb4c5cf-1cdc-474a-98a7-9795bb8d47c7,0,admin@byronfd.com,2019-05-20 20:02:16,1564,BLUE,42.12257924652222,-89.2702662325284,apolitsch@es-il.org,2019-09-26 19:59:20,,"148 S Maple Ave, Byron, IL 61010, USA"
cfc04669-f1fe-4656-86a0-e8d14e84a314,0,admin@byronfd.com,2019-05-20 20:02:33,,YELLOW,42.12259428784781,-89.27028990415556,admin@byronfd.com,2019-05-20 20:02:33,0,"148 S Maple Ave
Byron IL 61010
United States"
08ce098d-9f8f-4c8e-b7d5-76bba63ff449,0,admin@byronfd.com,2019-05-20 20:02:35,0,RED,42.123690330914435,-89.27013346318216,apolitsch@es-il.org,2019-09-26 19:58:54,,"127 S Maple Ave, Byron, IL 61010, USA"
9880725d-2842-4cef-af00-3b0b17348e20,0,admin@byronfd.com,2019-05-20 20:03:15,,YELLOW,42.12256570613109,-89.27157840298662,admin@byronfd.com,2019-05-20 20:03:15,,"1207 River Dr, Byron, IL 61010, USA"
cad947be-b8d6-4b18-9499-fdbdd1dba70e,0,admin@byronfd.com,2019-05-20 20:03:38,,YELLOW,42.12398514561931,-89.27141747044573,admin@byronfd.com,2019-05-20 20:03:38,,"123 Perene Ave, Byron, IL 61010, USA"
501605dc-57f3-44f6-8035-d62b4237acb4,0,admin@byronfd.com,2019-05-20 20:04:11,,YELLOW,42.122577654372186,-89.27266803761131,admin@byronfd.com,2019-05-20 20:04:11,,"1221 River Dr, Byron, IL 61010, USA"
8c0e6b5d-3f16-44a0-8a85-d2985e66d2d0,0,admin@byronfd.com,2019-05-20 20:04:50,,YELLOW,42.12382799598487,-89.26838454981453,admin@byronfd.com,2019-05-20 20:04:50,,"944 Crest Ct, Byron, IL 61010, USA"
09f9f17e-de6c-4c77-a95b-7cd9b6204b83,0,admin@byronfd.com,2019-05-20 20:05:06,1354,GREEN,42.12449543156533,-89.26843014736778,apolitsch@es-il.org,2019-09-26 19:43:40,,"944 Crest View Trail, Byron, IL 61010, USA"
b1ad292d-471e-434a-b70c-158c062a67a0,0,admin@byronfd.com,2019-05-20 20:05:29,1314,GREEN,42.123981174647966,-89.27141580005633,apolitsch@es-il.org,2019-09-26 20:00:46,,"123 Perene Ave
Byron IL 61010
United States"
5f6c5f5b-9606-420e-a8d6-85b8f7d79ce9,0,admin@byronfd.com,2019-05-20 20:06:00,1314,GREEN,42.12254341877333,-89.2716624434075,apolitsch@es-il.org,2019-09-26 20:02:09,,"1207 River Dr
Byron IL 61010
United States"
ed202e17-d664-4404-b260-e9962e0c3791,0,admin@byronfd.com,2019-05-20 20:06:27,1564,BLUE,42.12257008945751,-89.27260832745468,apolitsch@es-il.org,2019-09-26 20:03:21,,"1221 River Dr
Byron IL 61010
United States"
09c6c76e-6e06-44e6-b032-c6adec297fc6,0,admin@byronfd.com,2019-05-20 20:08:33,1314,GREEN,42.12381197637014,-89.27266597628777,apolitsch@es-il.org,2019-09-26 20:02:35,,"127 Barry Ave
Byron IL 61010
United States"
9f805a76-a950-4c0b-9b92-146314a9a9c1,0,admin@byronfd.com,2019-05-20 20:14:02,,YELLOW,42.12351516755181,-89.27628247748706,admin@byronfd.com,2019-05-20 20:14:02,0,"153 S Fox Run Ln
Byron IL 61010
United States"
8c9efb54-09f7-41b7-9098-acc95a5960b0,0,admin@byronfd.com,2019-05-20 20:19:13,,YELLOW,42.11894617530961,-89.259889011411,admin@byronfd.com,2019-05-20 20:19:13,0,"7943–8049 N River Rd
Byron IL 61010
United States"
9da87be3-003e-4561-88fe-832722464050,0,admin@byronfd.com,2019-05-20 20:20:37,,YELLOW,42.11932812155934,-89.26382407002197,admin@byronfd.com,2019-05-20 20:20:37,0,"7677–7933 N River Rd
Byron IL 61010
United States"
06c71c84-1753-4a52-a924-04b9c5e2a76d,0,admin@byronfd.com,2019-05-20 20:21:27,,YELLOW,42.119199909864115,-89.26619595457193,admin@byronfd.com,2019-05-20 20:21:27,0,"7539–7609 N River Rd
Byron IL 61010
United States"
073dd612-073b-4305-afc9-dcebfd9ae1b3,0,admin@byronfd.com,2019-05-20 20:22:15,,YELLOW,42.11884911589684,-89.26780387293157,admin@byronfd.com,2019-05-20 20:22:15,0,"7399–7537 N River Rd
Byron IL 61010
United States"
0cc36c54-f4a5-4d5e-8e91-aec9e763a84d,0,admin@byronfd.com,2019-05-20 20:23:08,,YELLOW,42.11822319377682,-89.26956201213464,admin@byronfd.com,2019-05-20 20:23:08,0,"7399–7537 N River Rd
Byron IL 61010
United States"
e1e697b6-7a1e-4d6a-9a1c-c3cf4bc06a81,0,admin@byronfd.com,2019-05-20 20:23:44,,YELLOW,42.117862279324626,-89.2713495940282,admin@byronfd.com,2019-05-20 20:23:44,0,"7373 N River Rd
Byron IL 61010
United States"
1f826d56-c74c-4da3-842a-66dfbe8d444e,0,admin@byronfd.com,2019-05-20 20:24:37,,YELLOW,42.11786910135562,-89.27270964348702,admin@byronfd.com,2019-05-20 20:24:37,0,"7297–7317 N River Rd
Byron IL 61010
United States"
e6dfee2a-f42e-49ea-b9e6-20f0fe0c2290,0,admin@byronfd.com,2019-05-20 20:25:02,,YELLOW,42.11790102910983,-89.27477313377612,admin@byronfd.com,2019-05-20 20:25:02,0,"7297–7317 N River Rd
Byron IL 61010
United States"
ba950b2c-38fb-4aca-80e7-a9845def3e88,0,admin@byronfd.com,2019-05-20 20:25:49,,YELLOW,42.11796581711304,-89.27670505362539,admin@byronfd.com,2019-05-20 20:25:49,0,"7088–7280 N River Rd
Byron IL 61010
United States"
ee8d86bd-5b8d-484f-9698-4bc564aa32f8,0,admin@byronfd.com,2019-05-20 20:26:25,,YELLOW,42.11780574631588,-89.27841777816633,admin@byronfd.com,2019-05-20 20:26:25,0,"7281–7295 N River Rd
Byron IL 61010
United States"
42e1b984-7378-4a6a-8f9a-ced6f2de7c3f,0,admin@byronfd.com,2019-05-20 20:27:01,,YELLOW,42.11727233922501,-89.28004910436118,admin@byronfd.com,2019-05-20 20:27:01,0,"7079–7279 N River Rd
Byron IL 61010
United States"
117768b5-96a6-463e-8300-e6de62843298,0,admin@byronfd.com,2019-05-20 20:27:35,,YELLOW,42.11652022808679,-89.2826490307232,admin@byronfd.com,2019-05-20 20:27:35,0,"7083 N River Rd
Byron IL 61010
United States"
5a2a843b-4c39-4004-8ed6-2e6961c4b04d,0,admin@byronfd.com,2019-05-20 20:27:47,,YELLOW,42.116193186154824,-89.28410821782994,admin@byronfd.com,2019-05-20 20:27:47,0,"6993 N River Rd
Byron IL 61010
United States"
1b420a54-1ff1-48c6-afd7-7c6e458c6402,0,admin@byronfd.com,2019-05-20 20:28:37,,YELLOW,42.115875642847044,-89.28541325540404,admin@byronfd.com,2019-05-20 20:28:37,0,"6993 N River Rd
Byron IL 61010
United States"
99448733-6368-4264-b0fc-c2482f9c8fc9,0,admin@byronfd.com,2019-05-20 20:29:10,,YELLOW,42.115224212888364,-89.28718712444532,admin@byronfd.com,2019-05-20 20:29:10,0,"6596–6898 Friday Rd
Byron IL 61010
United States"
a323d61c-4076-4097-85e3-7e5c8604d19d,0,admin@byronfd.com,2019-05-20 20:30:11,,YELLOW,42.11430374661078,-89.28721885328576,admin@byronfd.com,2019-05-20 20:30:11,0,"6860 Friday Rd
Byron IL 61010
United States"
0439dbdc-9c88-45e3-ad48-10b1e94af816,0,admin@byronfd.com,2019-05-20 20:30:51,,YELLOW,42.113172541676654,-89.28714899008445,admin@byronfd.com,2019-05-20 20:30:51,0,"6754 Friday Rd
Byron IL 61010
United States"
ea9f7a1e-44fd-4420-8c10-c6f739a9330e,0,admin@byronfd.com,2019-05-20 20:31:28,,YELLOW,42.112928883190214,-89.28614551192761,admin@byronfd.com,2019-05-20 20:31:28,0,"6749 Friday Rd
Byron IL 61010
United States"
d1d348b8-20bb-4835-90f5-0825a0117bb5,0,admin@byronfd.com,2019-05-20 20:31:55,,YELLOW,42.1123277983571,-89.28712847982686,admin@byronfd.com,2019-05-20 20:31:55,0,"6730 Friday Rd
Byron IL 61010
United States"
9a6a1d57-d496-4497-8488-f7d7012f67fb,0,admin@byronfd.com,2019-05-20 20:32:14,,YELLOW,42.11133977975739,-89.28713447877995,admin@byronfd.com,2019-05-20 20:32:14,0,"8847 N Kishwaukee Rd
Byron IL 61010
United States"
06d251fa-b8c6-4cec-8af0-13e22495408d,0,admin@byronfd.com,2019-05-20 20:32:34,,YELLOW,42.11036863211655,-89.2869604984124,admin@byronfd.com,2019-05-20 20:32:34,0,"6596 Friday Rd
Byron IL 61010
United States"
0e6b954c-e2f5-4fab-8af3-406f3dba5e30,0,admin@byronfd.com,2019-05-20 20:34:56,,YELLOW,42.115039803477906,-89.28827740459936,admin@byronfd.com,2019-05-20 20:34:56,0,"6849 N River Rd
Byron IL 61010
United States"
f095cfa9-78c3-499f-b685-cc2abddbed09,0,admin@byronfd.com,2019-05-20 20:36:43,,YELLOW,42.110094371168074,-89.29632022149296,admin@byronfd.com,2019-05-20 20:36:43,0,"6525 N River Rd
Byron IL 61010
United States"
56cad660-f435-4754-8842-b1a53f241a3c,0,admin@byronfd.com,2019-05-20 20:37:39,,YELLOW,42.106730401749296,-89.29803284623013,admin@byronfd.com,2019-05-20 20:37:39,0,"6170 N Razorville Rd
Byron IL 61010
United States"
0c34128d-2b6b-4776-a400-390a5d4b9b0a,0,admin@byronfd.com,2019-05-20 20:38:18,,YELLOW,42.104073941465685,-89.29757777450781,admin@byronfd.com,2019-05-20 20:38:18,0,"6120 N Razorville Rd
Byron IL 61010
United States"
0e000a5c-fcf2-4c7d-af63-796a768081d5,0,admin@byronfd.com,2019-05-20 20:39:04,,YELLOW,42.10102174601706,-89.29724701928767,admin@byronfd.com,2019-05-20 20:39:04,0,"5924 N Razorville Rd
Byron IL 61010
United States"
4887195c-f94a-4dbf-bb5e-5d2ecaa3c78c,0,admin@byronfd.com,2019-05-20 20:39:54,,YELLOW,42.0981367123521,-89.29719973792734,admin@byronfd.com,2019-05-20 20:39:54,0,"5562–6004 N Razorville Rd
Byron IL 61010
United States"
d8492c73-ef25-475b-a7b8-40b63b6e0347,0,admin@byronfd.com,2019-05-20 20:40:47,,YELLOW,42.095815303749454,-89.29709695071203,admin@byronfd.com,2019-05-20 20:40:47,0,"5562–6004 N Razorville Rd
Byron IL 61010
United States"
485a728d-7120-443c-b65c-3389f124ec49,0,admin@byronfd.com,2019-05-20 20:42:09,,YELLOW,42.09301406130194,-89.2970889081544,admin@byronfd.com,2019-05-20 20:42:09,0,"5458 N Razorville Rd
Byron IL 61010
United States"
d1c146de-b3c6-4c7b-9c12-87b59a3b9d51,0,admin@byronfd.com,2019-05-20 20:42:59,,YELLOW,42.09195662762672,-89.29707186582402,admin@byronfd.com,2019-05-20 20:42:59,0,"5290–5560 N Razorville Rd
Byron IL 61010
United States"
fee9bff6-c079-4b40-bed4-f9fe9bacf691,0,admin@byronfd.com,2019-05-20 20:44:42,,YELLOW,42.09023953288591,-89.2970966951677,admin@byronfd.com,2019-05-20 20:44:42,0,"5012–5288 N Razorville Rd
Byron IL 61010
United States"
69a80d73-1f89-4c18-9905-84c6fa13a7dd,0,admin@byronfd.com,2019-05-20 20:45:05,,YELLOW,42.08729424966633,-89.29705856033996,admin@byronfd.com,2019-05-20 20:45:05,0,"4954 N Razorville Rd
Oregon IL 61010
United States"
e7b9e6bd-98cb-4a5e-b36f-53651cdeedfe,0,admin@byronfd.com,2019-05-20 20:45:46,,YELLOW,42.08751023262216,-89.30021743688971,admin@byronfd.com,2019-05-20 20:45:46,0,"1714–2098 E Acorn Rd
Byron IL 61010
United States"
1731550f-9cd4-4fe6-abc4-651d82d839c4,0,admin@byronfd.com,2019-05-20 20:46:28,1354,GREEN,42.087210933660494,-89.30366975378135,admin@byronfd.com,2019-10-07 17:25:08,,"1669 E Acorn Rd
Byron IL 61010
United States"
d4cad0d3-b300-4791-8bd7-77aa85e76850,0,admin@byronfd.com,2019-05-20 20:47:06,,YELLOW,42.08733340994899,-89.30669268573283,admin@byronfd.com,2019-05-20 20:47:06,0,"1546 E Acorn Rd
Byron IL 61010
United States"
21ceac58-96dc-4a0a-bfb8-ab59fb8353be,0,admin@byronfd.com,2019-05-20 20:50:16,,YELLOW,42.084422572926734,-89.29701911102079,admin@byronfd.com,2019-05-20 20:50:16,0,"4530–5010 N Razorville Rd
Oregon IL 61010
United States"
232ebfd6-5dad-4f09-89a5-5e8a38225ebe,0,admin@byronfd.com,2019-05-20 20:51:09,,YELLOW,42.08179822432278,-89.29702716053161,admin@byronfd.com,2019-05-20 20:53:06,0,"4232–4528 N Razorville Rd
Oregon IL 61010
United States"
cce6119a-8267-4111-ab15-283ba2e47716,0,admin@byronfd.com,2019-05-20 20:57:03,,YELLOW,42.102176365650415,-89.30503309330503,admin@byronfd.com,2019-05-20 20:57:03,0,"5700–6098 N Esther Dr
Byron IL 61010
United States"
9ce62b09-790a-47a6-81ff-315111a476b3,0,admin@byronfd.com,2019-05-20 20:57:37,,YELLOW,42.101369788854576,-89.30380369289279,admin@byronfd.com,2019-05-20 20:57:37,0,"5956 N Cl Myers Dr
Byron IL 61010
United States"
301a152f-73e0-435a-b909-67aa285115e1,0,admin@byronfd.com,2019-05-20 20:58:21,,YELLOW,42.099635973715046,-89.3034976961309,admin@byronfd.com,2019-05-20 20:58:21,0,"5886 N Cl Myers Dr
Byron IL 61010
United States"
47cd9280-bf54-4212-85d6-32234bfee5dd,0,admin@byronfd.com,2019-05-20 20:58:40,,YELLOW,42.09899552959431,-89.30342376185172,admin@byronfd.com,2019-05-20 20:58:40,0,"5790 N Cl Myers Dr
Byron IL 61010
United States"
1e7a5d44-a0be-45e6-bede-be89c35a969a,0,admin@byronfd.com,2019-05-20 20:59:21,,YELLOW,42.09768387117856,-89.3032741475173,admin@byronfd.com,2019-05-20 20:59:21,0,"Palo Verde Dr
Byron IL 61010
United States"
42d1a54a-edc0-4ad6-8e9e-3c2eba2e084f,0,admin@byronfd.com,2019-05-20 21:02:42,,YELLOW,42.09886966379347,-89.3087244588661,admin@byronfd.com,2019-05-20 21:02:42,0,"104 N Terrace Park Dr
Byron IL 61010
United States"
f8d8f68f-aaba-4063-94c9-be4fb7854717,0,admin@byronfd.com,2019-05-20 21:04:19,,YELLOW,42.09703060647075,-89.31171352097967,admin@byronfd.com,2019-05-20 21:04:19,0,"100 N Main St
Byron IL 61010
United States"
98afa71c-403e-48a2-8980-cfe5e43c594f,0,admin@byronfd.com,2019-05-20 21:05:35,,YELLOW,42.096744995381584,-89.3094301395194,admin@byronfd.com,2019-05-20 21:05:35,0,"417 E North Park Dr
Byron IL 61010
United States"
63d90d0f-ebe0-4207-ab99-a121e570dd7a,0,admin@byronfd.com,2019-05-20 21:09:39,,YELLOW,42.09577990427867,-89.3122767582201,admin@byronfd.com,2019-05-20 21:09:39,0,"208 E Rockvale Dr
Byron IL 61010
United States"
b942fe82-91fa-493d-988a-8ffb930bc7d1,0,admin@byronfd.com,2019-05-20 21:10:20,,YELLOW,42.09578481814219,-89.31063725652837,admin@byronfd.com,2019-05-20 21:10:20,0,"220 E Rockvale Dr
Byron IL 61010
United States"
b4ee1e05-4593-4d70-972d-788fadb217ae,0,admin@byronfd.com,2019-05-20 21:12:27,,YELLOW,42.09498446327887,-89.31065760235586,admin@byronfd.com,2019-05-20 21:12:27,0,"503 N Woodland Dr
Byron IL 61010
United States"
e5cfaeb9-3551-473c-9f45-ad256816a6d0,0,admin@byronfd.com,2019-05-20 21:13:19,,YELLOW,42.09509877644279,-89.30909449682318,admin@byronfd.com,2019-05-20 21:13:19,0,"314 E River View Dr
Byron IL 61010
United States"
d9d5dc92-b5de-466e-944e-732be028788f,0,admin@byronfd.com,2019-05-20 21:14:24,,YELLOW,42.09428895358931,-89.31067093632181,admin@byronfd.com,2019-05-20 21:14:24,0,"503 N Woodland Dr
Byron IL 61010
United States"
601aae78-bcf9-4905-8b78-81d5908e2c09,0,admin@byronfd.com,2019-05-20 21:15:20,,YELLOW,42.093646571128886,-89.30896943596434,admin@byronfd.com,2019-05-20 21:15:20,0,"313 E Oakwood Dr
Byron IL 61010
United States"
4a840c5b-1e79-4bc9-9174-00ad526bdb63,0,admin@byronfd.com,2019-05-20 21:16:54,,YELLOW,42.09304722436896,-89.30890605946176,admin@byronfd.com,2019-05-20 21:16:54,0,"313 E Oakwood Dr
Byron IL 61010
United States"
3cfb194b-f2c8-4e11-a0a5-ece0161549b1,0,admin@byronfd.com,2019-05-20 21:18:49,,YELLOW,42.09370555535171,-89.31340088604036,admin@byronfd.com,2019-05-20 21:18:49,0,"104–120 E Oakwood Dr
Byron IL 61010
United States"
28492aa6-cde4-480a-b6a9-26f71147579f,0,admin@byronfd.com,2019-05-20 21:19:29,,YELLOW,42.09293030457995,-89.3132239888803,admin@byronfd.com,2019-05-20 21:19:29,0,"124–298 E South Park Dr
Byron IL 61010
United States"
edf954ed-fa60-4d3f-9dd3-d3f14dee0189,0,admin@byronfd.com,2019-05-20 21:20:50,,YELLOW,42.09288797577763,-89.31491496607566,admin@byronfd.com,2019-05-20 21:20:50,0,"113 E South Park Dr
Byron IL 61010
United States"
655ad5e1-2f2f-44ac-823f-b7a518316027,0,admin@byronfd.com,2019-05-20 21:21:26,,YELLOW,42.092882153760506,-89.31648721288441,admin@byronfd.com,2019-05-20 21:21:26,0,"800–910 N Devils Ln
Byron IL 61010
United States"
6e1600d1-92b7-4a29-9cd9-64dcea8f5b77,0,admin@byronfd.com,2019-05-20 21:24:13,,YELLOW,42.09366832010278,-89.31495900542255,admin@byronfd.com,2019-05-20 21:24:13,0,"110 E Oakwood Dr
Byron IL 61010
United States"
b98181ce-e2eb-4802-8054-a3cd517f9cbb,0,admin@byronfd.com,2019-05-20 21:26:18,,YELLOW,42.09429620719484,-89.31314932616492,admin@byronfd.com,2019-05-20 21:26:18,0,"603 N View Crest Dr
Byron IL 61010
United States"
15f5b997-838c-4f72-89aa-5c8d54184d65,0,admin@byronfd.com,2019-05-20 21:26:53,,YELLOW,42.09427147083122,-89.31492251932022,admin@byronfd.com,2019-05-20 21:26:53,0,"103 E Hill Crest Dr
Byron IL 61010
United States"
5fb3d775-19c6-49b1-91f6-fa0e4392b6ab,0,admin@byronfd.com,2019-05-20 21:30:12,,YELLOW,42.095074320609726,-89.31321360040984,admin@byronfd.com,2019-05-20 21:30:12,0,"200–298 E River View Dr
Byron IL 61010
United States"
88c40469-70d6-4efd-8bb9-edddb100e32d,0,admin@byronfd.com,2019-05-20 21:34:50,,YELLOW,42.094886242845995,-89.3157754980393,admin@byronfd.com,2019-05-20 21:34:50,0,"5462 N River Rd
Byron IL 61010
United States"
8eba900d-5ed2-4f2e-859c-2454d1777715,0,admin@byronfd.com,2019-05-20 21:35:59,,YELLOW,42.092114964733064,-89.31952840642904,admin@byronfd.com,2019-05-20 21:35:59,0,"5301–5363 N River Rd
Byron IL 61010
United States"
c7b8305b-ac1d-4187-ac18-0dff02403fd7,0,admin@byronfd.com,2019-05-20 21:36:23,,YELLOW,42.09099636229858,-89.32046047150388,admin@byronfd.com,2019-05-20 21:36:23,0,"4745–5299 N River Rd
Byron IL 61061
United States"
f9d2e6f0-e4e6-407a-99f4-1ffaf0ec1ea3,0,admin@byronfd.com,2019-05-20 21:37:00,,YELLOW,42.089873112568284,-89.32140670408927,admin@byronfd.com,2019-05-20 21:37:00,0,"4745–5299 N River Rd
Byron IL 61061
United States"
09c3126c-d097-4472-8f56-4fec1cd34f4d,0,admin@byronfd.com,2019-05-20 21:38:02,,YELLOW,42.08875330290222,-89.3223399417857,admin@byronfd.com,2019-05-20 21:38:02,0,"4745–5299 N River Rd
Byron IL 61061
United States"
30e0676c-72cf-4346-9316-e2df269ed9fb,0,admin@byronfd.com,2019-05-20 21:38:22,,YELLOW,42.08768820880972,-89.32305726248741,admin@byronfd.com,2019-05-20 21:38:22,0,"4745–5299 N River Rd
Byron IL 61061
United States"
00b2a452-0c91-4e30-87ad-c0f744c51011,0,admin@byronfd.com,2019-05-20 21:42:11,,YELLOW,42.09559624427687,-89.31465268394813,admin@byronfd.com,2019-05-20 21:42:11,0,"5542 N Rock River Dr
Byron IL 61061
United States"
06518da1-a045-4f16-ad65-866555876f02,0,123byronfire@gmail.com,2019-06-15 21:48:02,1214,GREEN,42.13005064421791,-89.26120356493918,admin@byronfd.com,2019-10-07 17:26:44,,"415 Ashelford Ct
Byron IL 61010
United States"
e99b883d-8c37-4eca-a90c-7fb46c1fc49a,0,1234Byronfire@gmail.com,2019-06-21 15:27:39,1300,GREEN,42.12599996110096,-89.25584037714941,apolitsch@es-il.org,2019-09-26 14:49:27,,"105 N Union St, Byron, IL 61010, USA"
6a1de86b-129e-4816-80ea-11a01aa3051b,0,admin@byronfd.com,2019-06-25 04:38:20,,YELLOW,42.13918713368791,-89.26351215559339,admin@byronfd.com,2019-06-25 04:38:20,,"8590 N Finch Ln, Byron, IL 61010, USA"
37b2467c-3fef-4daa-accc-8cbec6b8c03a,0,admin@byronfd.com,2019-07-01 20:21:33,,YELLOW,42.14293455448546,-89.26331350809161,admin@byronfd.com,2019-07-01 20:21:33,0,"8464 Winnebago Ln
Byron IL 61010
United States"
1c5840d4-7bdd-448e-a182-e7ce36543a61,0,admin@byronfd.com,2019-07-01 20:22:55,,YELLOW,42.141828721645595,-89.2623811882116,admin@byronfd.com,2019-07-01 20:22:55,0,"8442 Winnebago Ln
Byron IL 61010
United States"
f76cd742-1cf6-4f24-8ea3-fb3b55645344,0,admin@byronfd.com,2019-07-01 20:24:11,,YELLOW,42.141836772763554,-89.2613601218687,admin@byronfd.com,2019-07-01 20:24:11,0,"8434 Winnebago Ln
Byron IL 61010
United States"
fcdd6344-e8f0-41f6-be16-cd52586f4785,0,admin@byronfd.com,2019-07-01 20:24:41,,YELLOW,42.141836483917054,-89.26031929181896,admin@byronfd.com,2019-07-01 20:24:41,0,"8420 Winnebago Ln
Byron IL 61010
United States"
e21b1994-2bc9-49c7-b55f-14e4fa2b3d59,0,admin@byronfd.com,2019-07-01 20:25:15,,YELLOW,42.14183996055308,-89.2592501364154,admin@byronfd.com,2019-07-01 20:25:15,0,"8416 Winnebago Ln
Byron IL 61010
United States"
a1fce33f-dc20-403d-93f4-2668a22c5ed9,0,123byronfire@gmail.com,2019-08-07 18:24:43,,YELLOW,42.12344075362972,-89.27481912950297,123byronfire@gmail.com,2019-08-07 18:24:43,0,"155 Deerwood Ct
Byron IL 61010
United States"
729790a3-7c00-4d23-a8e2-aac4b601cafd,0,123byronfire@gmail.com,2019-08-07 18:25:03,,YELLOW,42.12346685443817,-89.27488238759304,123byronfire@gmail.com,2019-08-07 18:25:03,0,"155 Deerwood Ct
Byron IL 61010
United States"
b9f4a318-5169-4ef5-b9de-064be9e73032,0,admin@byronfd.com,2019-10-07 17:25:54,1493,GREEN,42.129561649741056,-89.24805040458762,admin@byronfd.com,2019-10-07 17:25:54,,"544 All Saints Dr, Byron, IL 61010, USA"
4a3bf2e9-3fdd-4210-89de-9528d63c2f39,0,admin@byronfd.com,2019-10-07 17:28:14,1469,GREEN,42.13058152201778,-89.23635380679798,admin@byronfd.com,2019-10-07 17:28:14,,"5170 E Ashelford Dr, Byron, IL 61010, USA"
