lat,lon,hydr_id,Station,district,hydr_gpm,make,model,number,st_prefix,street,st_type,st_suffix,city,state,zip,address
42.08695,-89.30368,I11,1,SW,1354,MUELLER,,1669,E,ACORN,RD,,,,,"1669 E Acorn Rd, Byron, IL 61010, United States"
42.12936,-89.24812,H13,1,CTY,1493,MUELLER,,544,,ALL SAINTS,DR,,,,,"544 All Saints Dr, Byron, IL 61010, United States"
42.1315,-89.24631,H24,,,,,,647,,ALLISON CI,,,,,,"647 Allison Cir, Byron, IL 61010, United States"
42.129728,-89.2601315,E12,1,CTY,1214,WATEROUS,,415,,ASHELFORD,CT,,,,,"415 Ashelford Ct, Byron, IL 61010, United States"
42.12993,-89.25968,E11,1,CTY,1272,WATEROUS,,425,,ASHELFORD,CT,,,,,"425 Ashelford Ct, Byron, IL 61010, United States"
42.13145,-89.23665,H30,1,T,1469,MUELLER,,5142,E,ASHELFORD,DR,,,,,"5142 E Ashelford Dr, Byron, IL 61010, United States"
42.13067,-89.23589,H28,1,T,1469,MUELLER,,5170,E,ASHELFORD,DR,,,,,"5170 E Ashelford Dr, Byron, IL 61010, United States"
42.12995,-89.23518,H29,,,,,,5218,E,ASHELFORD,DR,,,,,"5218 E Ashelford Dr, Byron, IL 61010, United States"
42.1335311,-89.2576331,E05,1,CTY,1039,MUELLER,,8129,N,BARKER,RD,,,,,"8129 N Barker Rd, Byron, IL 61010, United States"
42.1251,-89.27243,C09,1,CTY,1406,MUELLER,,103,S,BARRY,AVE,,,,,"103 Barry Ave, Byron, IL 61010, United States"
42.1237,-89.2724,C17,1,CTY,1314,MUELLER,,127,S,BARRY,AVE,,,,,"127 Barry Ave, Byron, IL 61010, United States"
42.1226601,-89.2728449,C18,1,CTY,1564,MUELLER,,200,S,BARRY,AVE,,,,,"198 Barry Ave, Byron, IL 61010, United States"
42.13366,-89.27677,G12,1,X,1469,MUELLER,,701,,BELAIR,DR,,,,,"701 Belair Dr, Byron, IL 61010, United States"
42.13454,-89.27704,G11,1,X,1444,MUELLER,,736,,BELAIR,DR,,,,,"736 Belair Dr, Byron, IL 61010, United States"
42.13543,-89.27644,G10,,X,1406,MUELLER,,814,,BELAIR,DR,,,,,"814 Belair Dr, Byron, IL 61010, United States"
42.13605,-89.27513,G09,1,X,1381,MUELLER,,853,,BELAIR,DR,,,,,"853 Belair Dr, Byron, IL 61010, United States"
42.1260401,-89.2492367,B02.5,1,CTY,1444,MUELLER,,500,E,BLACKHAWK,DR,,,,,"500 E Blackhawk Dr, Byron, IL 61010, United States"
42.1282593,-89.2472182,H06.5,1,CTY,1564,MUELLER,,602,E,BLACKHAWK,DR,,,,,"602 E Blackhawk Dr, Byron, IL 61010, United States"
42.12517,-89.266,C25,1,CC,1529,MUELLER,,,W,BLACKHAWK,DR,,,,,"W Blackhawk Dr, Byron, IL 61010, United States"
42.12495,-89.26994,C07,1,CTY,1341,MUELLER,,1088,W,BLACKHAWK,DR,,,,,"1088 W Blackhawk Dr, Byron, IL 61010, United States"
42.1252151,-89.2575936,B01,1,CTY,1300,MUELLER,,200,W,BLACKHAWK,DR,,,,,"200 W Blackhawk Dr, Byron, IL 61010, United States"
42.1251727,-89.2604046,B03,1,CTY,1314,MUELLER,,400,W,BLACKHAWK,DR,,,,,"400 W Blackhawk Dr, Byron, IL 61010, United States"
42.12762,-89.26725,D14,1,CTY,1393,MUELLER,,112,,BLANCHARD,CT,,,,,"112 Blanchard Ct, Byron, IL 61010, United States"
42.1279877,-89.2665166,D13,1,CTY,1393,MUELLER,,130,,BLANCHARD,CT,,,,,"130 Blanchard Ct, Byron, IL 61010, United States"
42.14001,-89.25855,F31,1,B,1759,MUELLER,,8649,E,BLUEJAY,LN,,,,,"8649 N Bluejay Ln, Byron, IL 61010, United States"
42.1311,-89.23968,H26,1,T,1381,MUELLER,,5009,,BROOKE,CT,,,,,"5009 E Brooke Ct, Byron, IL 61010, United States"
42.13049,-89.23831,H25,1,T,1469,MUELLER,,5081,,BROOKE,CT,,,,,"5081 E Brooke Ct, Byron, IL 61010, United States"
42.13561,-89.28417,J07,1,Y,1517,MUELLER,,749,,BROOKVIEW,DR,,,,,"749 Brookview Dr, Byron, IL 61010, United States"
42.13677,-89.28419,J06,1,Y,1444,MUELLER,,837,,BROOKVIEW,DR,,,,,"837 Brookview Dr, Byron, IL 61010, United States"
42.13849,-89.26407,F02,1,B,1529,KENNEDY,,8524,,BYRON HILLS,CT,,,,,"8524 Byron Hills Ct, Byron, IL 61010, United States"
42.14084,-89.26443,F03,1,B,1587,KENNEDY,,8605,,BYRON HILLS,DR,,,,,"8605 Byron Hills Dr, Byron, IL 61010, United States"
42.14286,-89.26441,F04,1,B,1552,KENNEDY,,8649,,BYRON HILLS,DR,,,,,"8649 Byron Hills Dr, Byron, IL 61010, United States"
42.1268226,-89.2545316,A02,1,CTY,1199,MUELLER,,200,N,CHESTNUT,ST,,,,,"200 N Chestnut St, Byron, IL 61010, United States"
42.1292545,-89.2546417,H15,1,CTY,1272,WATEROUS,,400,N,CHESTNUT,ST,,,,,"400 N Chestnut St, Byron, IL 61010, United States"
42.1246679,-89.2544315,B05,1,CTY,1493,MUELLER,,200,S,CHESTNUT,ST,,,,,"200 S Chestnut St, Byron, IL 61010, United States"
42.0958607,-89.3025562,I27,1,H,1341,MUELLER,,5700,,CL MYERS,DR,,,,,"5700 N CL Myers Dr, Byron, IL 61010, United States"
42.09877,-89.30415,I26,1,H,1341,MUELLER,,5790,,CL MYERS,DR,,,,,"5790 N CL Myers Dr, Byron, IL 61010, United States"
42.0971415,-89.303275,I25,1,H,1381,MUELLER,,5850,,CL MYERS,DR,,,,,"5850 N CL Myers Dr, Byron, IL 61010, United States"
42.10083,-89.30426,I24,1,H,1493,MUELLER,,5956,,CL MYERS,DR,,,,,"5956 N CL Myers Dr, Byron, IL 61010, United States"
42.12902,-89.264,E13,1,,1367,MUELLER,,420,N,COLFAX,ST,,,,,"420 N Colfax St, Byron, IL 61010, United States"
42.1303213,-89.2636778,E14,1,CTY,1354,MUELLER,,425,N,COLFAX,ST,,,,,"425 N Colfax St, Byron, IL 61010, United States"
42.1303213,-89.2636778,E15,,,,,,425,N,COLFAX,ST,,,,,"425 N Colfax St, Byron, IL 61010, United States"
42.1320334,-89.2640249,E16,1,CTY,0,MUELLER,,696,N,COLFAX,ST,,,,,"696 N Colfax St, Byron, IL 61010, United States"
42.13363,-89.26332,E20,1,CTY,1341,MUELLER,,789,N,COLFAX,ST,,,,,"789 N Colfax St, Byron, IL 61010, United States"
42.14463,-89.26196,F15,1,B,1675,MUELLER,,8485,,CRAIG,CT,,,,,"8485 Craig Ct, Byron, IL 61010, United States"
42.1305749,-89.2758487,C34,1,CC,1564,MUELLER,,544,,CREEKSIDE,CIR,,,,,"544 Creekside Cir, Byron, IL 61010, United States"
42.12955,-89.27581,C32,1,CC,0,MUELLER,,434,,CREEKSIDE,CT,,,,,"434 Creekside Ct, Byron, IL 61010, United States"
42.12861,-89.27546,C28,1,CC,1517,MUELLER,,,,CREEKSIDE,DR,,,,,"Creekside Dr, Byron, IL 61010, United States"
42.12861,-89.27546,C35,1,CC,1517,MUELLER,,,,CREEKSIDE,DR,,,,,"Creekside Dr, Byron, IL 61010, United States"
42.12711,-89.27647,C26,1,CC,1552,MUELLER,,220,,CREEKSIDE,DR,,,,,"220 Creekside Dr, Byron, IL 61010, United States"
42.12789,-89.2761,C27,1,CC,1564,MUELLER,,310,,CREEKSIDE,DR,,,,,"310 Creekside Dr, Byron, IL 61010, United States"
42.13066,-89.27521,C33,1,CC,1587,MUELLER,,523,,CREEKSIDE,DR,,,,,"523 Creekside Dr, Byron, IL 61010, United States"
42.12367,-89.26719,C03,1,CTY,1393,WATEROUS,,924,,CREST,CT,,,,,"924 Crest Ct, Byron, IL 61010, United States"
42.12364,-89.26829,C04,1,CTY,1367,KENNEDY,,944,,CREST,CT,,,,,"944 Crest Ct, Byron, IL 61010, United States"
42.1239751,-89.2655064,C02,1,CTY,1367,MUELLER,,800,,CRESTVIEW,TRL,,,,,"800 Crest View Trl, Byron, IL 61010, United States"
42.12439,-89.26731,C01,1,CTY,1393,KENNEDY,,924,,CRESTVIEW,TRL,,,,,"924 Crest View Trl, Byron, IL 61010, United States"
42.1244986,-89.2672558,C06,1,CTY,1354,MUELLER,,944,,CRESTVIEW,TRL,,,,,"944 Crest View Trl, Byron, IL 61010, United States"
42.13184,-89.2745,C31,1,CC,1341,MUELLER,,1405,,CRIMSON RIDGE,LN,,,,,"1405 Crimson Ridge Ln, Byron, IL 61010, United States"
42.12362,-89.27516,C24,1,CTY,1469,MUELLER,,154,,DEERWOOD,CT,,,,,"154 Deerwood Ct, Byron, IL 61010, United States"
42.09173,-89.31396,I40,1,J,1493,CLOW CORP,,805,,DEVILS,LN,,,,,"805 N Devils Ln, Byron, IL 61010, United States"
42.14761,-89.27433,F34,1,NC,1341,MUELLER,,3142,,EVERETT,LN,,,,,"3142 Everett Ln, Byron, IL 61010, United States"
42.13687,-89.28752,J13,1,Y,1517,MUELLER,,850,,FIELDCREST,DR,,,,,"850 Fieldcrest Dr, Byron, IL 61010, United States"
42.13996,-89.26313,F27,1,B,1587,MUELLER,,3778,E,FINCH,LN,,,,,"N Finch Ln, Byron, IL 61010, United States"
42.12863,-89.26004,E10,1,CTY,1327,WATEROUS,,328,W,FOURTH,ST,,,,,"328 W 4th St, Byron, IL 61010, United States"
42.12608,-89.27551,D15,1,CTY,1469,MUELLER,,108,N,FOX RUN,LN,,,,,"108 N Fox Run Ln, Byron, IL 61010, United States"
42.12731,-89.27488,D16,1,CTY,1354,MUELLER,,138,N,FOX RUN,LN,,,,,"138 N Fox Run Ln, Byron, IL 61010, United States"
42.12832,-89.27386,D17,1,CTY,1393,MUELLER,,170,N,FOX RUN,LN,,,,,"170 N Fox Run Ln, Byron, IL 61010, United States"
42.1254467,-89.2750502,C19,1,CTY,1457,MUELLER,,100,S,FOX RUN,LN,,,,,"100 S Fox Run Ln, Byron, IL 61010, United States"
42.12426,-89.27572,C20,1,CTY,1419,MUELLER,,135,S,FOX RUN,LN,,,,,"135 S Fox Run Ln, Byron, IL 61010, United States"
42.12365,-89.27599,C21,1,CTY,1393,MUELLER,,149,S,FOX RUN,LN,,,,,"149 S Fox Run Ln, Byron, IL 61010, United States"
42.12293,-89.27502,C22,1,CTY,1393,MUELLER,,169,S,FOX RUN,LN,,,,,"169 S Fox Run Ln, Byron, IL 61010, United States"
42.12318,-89.2744,C23,1,CTY,1444,MUELLER,,196,S,FOX RUN,LN,,,,,"196 S Fox Run Ln, Byron, IL 61010, United States"
42.1266945,-89.2604317,D02,1,CTY,1314,KENNEDY,,200,N,FRANKLIN,ST,,,,,"200 N Franklin St, Byron, IL 61010, United States"
42.11281,-89.28699,I04,1,WC,1457,MUELLER,,,,FRIDAY,RD,,,,,"N Friday Rd, Byron, IL 61010, United States"
42.11223,-89.28751,I07,1,WC,1393,MUELLER,,6730,,FRIDAY,RD,,,,,"6730 N Friday Rd, Byron, IL 61010, United States"
42.11305,-89.28753,I06,1,WC,1432,MUELLER,,6754,,FRIDAY,RD,,,,,"6754 N Friday Rd, Byron, IL 61010, United States"
42.11415,-89.28757,I05,1,WC,1469,MUELLER,,6834,,FRIDAY,RD,,,,,"6834 N Friday Rd, Byron, IL 61010, United States"
42.12453,-89.25685,B05.5,,,,,,121,W,FRONT,ST,,,,,"120 W Front St, Byron, IL 61010, United States"
42.07659,-89.28129,Z01,,,,,,4450,N,GERMAN CHURCH,RD,,,,,"4450 N German Church Rd, Byron, IL 61010, United States"
42.12877,-89.24817,H05,1,CTY,1406,MUELLER,,327,,HAMER,CT,,,,,"327 Hamer Ct, Byron, IL 61010, United States"
42.1338581,-89.2788754,G34,1,X,1444,MUELLER,,703,,HAMPTON,DR,,,,,"703 Hampton Dr, Byron, IL 61010, United States"
42.13526,-89.27894,G35,1,X,1457,MUELLER,,732,,HAMPTON,DR,,,,,"732 Hampton Dr, Byron, IL 61010, United States"
42.13683,-89.27827,G31,1,X,1469,MUELLER,,802,,HAMPTON,DR,,,,,"802 Hampton Dr, Byron, IL 61010, United States"
42.13566,-89.28078,G20,1,Y,1444,MUELLER,,735,,KARI,CT,,,,,"735 Kari Ct, Byron, IL 61010, United States"
42.13403,-89.27485,G15,1,X,1314,MUELLER,,1404,,KINGSWAY,CT,,,,,"1404 Kingsway Ct, Byron, IL 61010, United States"
42.13462,-89.27541,G14,1,X,1393,MUELLER,,1436,,KINGSWAY,CT,,,,,"1436 Kingsway Ct, Byron, IL 61010, United States"
42.1369,-89.27699,G08,1,X,1406,MUELLER,,1032,,KINGSWAY,LN,,,,,"1032 Kingsway Ln, Byron, IL 61010, United States"
42.13761,-89.27701,G07,1,X,1314,MUELLER,,1055,,KINGSWAY,LN,,,,,"1055 Kingsway Ln, Byron, IL 61010, United States"
42.13519,-89.27501,G13,1,X,1381,MUELLER,,814,,KINGSWAY,LN,,,,,"814 Kingsway Ln, Byron, IL 61010, United States"
42.13612,-89.2799,G26,1,X,1367,MUELLER,,,,KRISTI,DR,,,,,"Kristi Dr, Byron, IL 61010, United States"
42.13548,-89.27945,G25,1,X,1406,MUELLER,,721,,KRISTI,DR,,,,,"721 Kristi Dr, Byron, IL 61010, United States"
42.13762,-89.27948,G27,1,WC,1300,MUELLER,,835,E,KRISTI,DR,,,,,"835 Kristi Dr, Byron, IL 61010, United States"
42.128335,-89.2472792,H06,1,CTY,1444,MUELLER,,1200,,KYSOR,DR,,,,,"1200 Kysor Dr, Byron, IL 61010, United States"
42.12835,-89.2467734,H08,1,CTY,1286,MUELLER,,1221,,KYSOR,DR,,,,,"1221 Kysor Dr, Byron, IL 61010, United States"
42.12941,-89.24021,H09,,,,,,1255,,KYSOR,DR,,,,,"1255 Kysor Dr, Byron, IL 61010, United States"
42.12862,-89.23996,H10,1,CTY,1286,MUELLER,,1273,,KYSOR,DR,,,,,"1273 Kysor Dr, Byron, IL 61010, United States"
42.1285101,-89.2398353,H12,1,CTY,1444,MUELLER,,1509,,KYSOR,DR,,,,,"1509 Kysor Dr, Byron, IL 61010, United States"
42.12642,-89.24639,H07,1,CTY,1517,MUELLER,,130,E,KYSOR,DR,,,,,"130 Kysor Dr, Byron, IL 61010, United States"
42.1298,-89.23953,H10.5,1,CTY,1444,MUELLER,,1360,E,KYSOR,DR,,,,,"1360 Kysor Dr, Byron, IL 61010, United States"
42.1285125,-89.239739,H12.5,1,CTY,1469,MUELLER,,1513,E,KYSOR,DR,,,,,"1513 Kysor Dr, Byron, IL 61010, United States"
42.1266507,-89.2617614,D03,1,CTY,1314,WATEROUS,,200,N,LAFAYETTE,ST,,,,,"200 N Lafayette St, Byron, IL 61010, United States"
42.12263,-89.26106,B08,1,CTY,1169,MUELLER,,233,S,LAFAYETTE,ST,,,,,"233 S Lafayette St, Byron, IL 61010, United States"
42.13083,-89.24786,H23,1,CTY,1243,MUELLER,,,,LUTHER,DR,,,,,"Luther Dr, Byron, IL 61010, United States"
42.1306186,-89.2470684,H14,1,CTY,1493,MUELLER,,639,,LUTHER,DR,,,,,"639 Luther Dr, Byron, IL 61010, United States"
42.125249,-89.2695312,D08,1,CTY,434,MUELLER,,100,N,MAPLE,AVE,,,,,"100 N Maple Ave, Byron, IL 61010, United States"
42.12372,-89.26986,C13,1,CTY,0,AMERICAN FDY &,,127,S,MAPLE,AVE,,,,,"127 S Maple Ave, Byron, IL 61010, United States"
42.1227804,-89.2703333,C14,1,CTY,1564,MUELLER,,200,S,MAPLE,AVE,,,,,"200 S Maple Ave, Byron, IL 61010, United States"
42.13921,-89.27589,F55,1,BB,1738,MUELLER,,,,MARIJON,DR,,,,,"Marijon Dr, Byron, IL 61010, United States"
42.1404,-89.27429,F54,1,BB,1717,MUELLER,,1302,,MARIJON,DR,,,,,"1302 Marijon Dr, Byron, IL 61010, United States"
42.13892,-89.2762,F53,1,BB,1738,MUELLER,,1402,,MARIJON,DR,,,,,"1402 Marijon Dr, Byron, IL 61010, United States"
42.1255909,-89.2528715,B02,,,,,,100,N,MARKET,ST,,,,,"100 N Market St, Byron, IL 61010, United States"
42.1270642,-89.2525664,A01,1,CTY,1286,WATEROUS,,221,N,MARKET,ST,,,,,"221 N Market St, Byron, IL 61010, United States"
42.1292846,-89.2530217,H16,1,CTY,1243,MUELLER,,400,N,MARKET,ST,,,,,"400 N Market St, Byron, IL 61010, United States"
42.1239609,-89.2591044,B07,1,CTY,1314,KENNEDY,,300,W,MERCHANT,ST,,,,,"300 W Merchant St, Byron, IL 61010, United States"
42.13796,-89.26949,J15,1,Y,1341,MUELLER,,,,MILL,RD,,,,,"E Mill Rd, Byron, IL 61010, United States"
42.13796,-89.26949,J01,1,WC,1419,MUELLER,,,E,MILL,RD,,,,,"E Mill Rd, Byron, IL 61010, United States"
42.1372,-89.28236,G28,1,WC,1272,MUELLER,,2793,E,MILL,RD,,,,,"2793 E Mill Rd, Byron, IL 61010, United States"
42.13722,-89.27455,G06,1,WC,1314,MUELLER,,3221,E,MILL,RD,,,,,"3221 E Mill Rd, Byron, IL 61010, United States"
42.13675,-89.27182,G05,1,WC,1354,MUELLER,,3313,E,MILL,RD,,,,,"3313 E Mill Rd, Byron, IL 61010, United States"
42.13637,-89.27017,G04,1,WC,1300,MUELLER,,3361,E,MILL,RD,,,,,"3361 E Mill Rd, Byron, IL 61010, United States"
42.1381149,-89.2683808,G03,1,WC,1169,MUELLER,,3486,E,MILL,RD,,,,,"3486 E Mill Rd, Byron, IL 61010, United States"
42.13784,-89.26824,G02,1,WC,1199,MUELLER,,3499,E,MILL,RD,,,,,"3499 E Mill Rd, Byron, IL 61010, United States"
42.1381241,-89.2654827,G01,1,WC,1587,MUELLER,,3500,E,MILL,RD,,,,,"3500 E Mill Rd, Byron, IL 61010, United States"
42.12924,-89.2739,C29,1,CC,1529,MUELLER,,427,,MILL RIDGE,DR,,,,,"427 Mill Ridge Dr, Byron, IL 61010, United States"
42.13063,-89.27393,C30,1,CC,1587,MUELLER,,523,,MILL RIDGE,DR,,,,,"523 Mill Ridge Dr, Byron, IL 61010, United States"
42.129365,-89.2497807,H18,1,CTY,1229,MUELLER,,400,N,MINERAL,ST,,,,,"400 N Mineral St, Byron, IL 61010, United States"
42.1305704,-89.2497749,H22,1,CTY,1258,MUELLER,,500,N,MINERAL,ST,,,,,"500 N Mineral St, Byron, IL 61010, United States"
42.14096,-89.26167,F26,1,B,1587,MUELLER,,3866,E,MOCKINGBIRD,LN,,,,,"3866 E Mockingbird Ln, Byron, IL 61010, United States"
42.14098,-89.26005,F25,1,B,1717,MUELLER,,3954,E,MOCKINGBIRD,LN,,,,,"3954 E Mockingbird Ln, Byron, IL 61010, United States"
42.13618,-89.28215,G30,1,X,1393,MUELLER,,741,,OAKS,LN,,,,,"741 Oaks Ln, Byron, IL 61010, United States"
42.09367,-89.31248,I37,1,J,0,CLOW CORP,,,,OAKWOOD,DR,,,,,"E Oakwood Dr, Byron, IL 61010, United States"
42.13951,-89.28565,J20,1,Z,1444,MUELLER,,1055,,OLD HUNTER,RUN,,,,,"1055 Old Hunter Run, Byron, IL 61010, United States"
42.14028,-89.28569,J21,1,Z,1243,MUELLER,,1125,,OLD HUNTER,RUN,,,,,"1125 Old Hunter Run, Byron, IL 61010, United States"
42.14084,-89.28721,J22,1,Z,1444,MUELLER,,1175,,OLD HUNTER,RUN,,,,,"1175 Old Hunter Run, Byron, IL 61010, United States"
42.13637,-89.28539,J10,1,Y,1481,MUELLER,,813,,OLD HUNTER,RUN,,,,,"813 Old Hunter Run, Byron, IL 61010, United States"
42.1354,-89.27704,G33,1,X,1432,MUELLER,,739,,OXFORD,DR,,,,,"739 Oxford Dr, Byron, IL 61010, United States"
42.09281,-89.30929,I28,1,J,1505,CLOW CORP,,311,S,PARK,DR,,,,,"311 E South Park Dr, Byron, IL 61010, United States"
42.12352,-89.26562,C11,1,CTY,1393,MUELLER,,803,W,PARK,DR,,,,,"803 Park Dr, Byron, IL 61010, United States"
42.13704,-89.2817,G29,1,X,1367,MUELLER,,1848,,PENNY,LN,,,,,"1848 Penny Ln, Byron, IL 61010, United States"
42.1250987,-89.2716315,C08,1,CTY,633,MUELLER,,100,S,PERENE,AVE,,,,,"100 Perene Ave, Byron, IL 61010, United States"
42.12387,-89.27111,C15,1,CTY,1314,AMERICAN FDY &,,123,S,PERENE,AVE,,,,,"123 Perene Ave, Byron, IL 61010, United States"
42.122659,-89.2716119,C16,1,CTY,1564,WATEROUS,,200,S,PERENE,AVE,,,,,"198 Perene Ave, Byron, IL 61010, United States"
42.1269388,-89.2508996,H01,1,CTY,1393,WATEROUS,,203,N,PERU,ST,,,,,"203 N Peru St, Byron, IL 61010, United States"
42.1293206,-89.2513914,H17,1,CTY,1314,MUELLER,,400,N,PERU,ST,,,,,"400 N Peru St, Byron, IL 61010, United States"
42.1302217,-89.2514404,H21,1,CTY,1258,KENNEDY,,500,N,PERU,ST,,,,,"498 N Peru St, Byron, IL 61010, United States"
42.1253683,-89.2512403,B04,1,CTY,1505,MUELLER,,100,S,PERU,ST,,,,,"100 S Peru St, Byron, IL 61010, United States"
42.09059,-89.29694,I12,1,SW,1564,MUELLER,,,N,RAZORVILLE,RD,,,,,"N Razorville Rd, Byron, IL 61010, United States"
42.08748,-89.29678,I14,,,,,,4629,N,RAZORVILLE,RD,,,,,"4629 N Razorville Rd, Byron, IL 61010, United States"
42.0879289,-89.2971033,I13,,,,,,4800,N,RAZORVILLE,RD,,,,,"4800 N Razorville Rd, Byron, IL 61010, United States"
42.0887363,-89.2971064,I15,1,SW,1696,MUELLER,,5200,N,RAZORVILLE,RD,,,,,"5200 N Razorville Rd, Byron, IL 61010, United States"
42.0889382,-89.2971072,I16,1,SW,1653,MUELLER,,5300,N,RAZORVILLE,RD,,,,,"5300 N Razorville Rd, Byron, IL 61010, United States"
42.08927,-89.297,I17,1,SW,1717,MUELLER,,5458,N,RAZORVILLE,RD,,,,,"5458 N Razorville Rd, Byron, IL 61010, United States"
42.0893684,-89.2971088,I18,1,SW,1564,MUELLER,,5600,N,RAZORVILLE,RD,,,,,"5600 N Razorville Rd, Byron, IL 61010, United States"
42.09732,-89.29606,I19,1,SW,1444,MUELLER,,5749,N,RAZORVILLE,RD,,,,,"5749 N Razorville Rd, Byron, IL 61010, United States"
42.10094,-89.29957,I20,,,,,,5924,N,RAZORVILLE,RD,,,,,"5924 N Razorville Rd, Byron, IL 61010, United States"
42.10341,-89.29888,I21,1,SW,1341,MUELLER,,6120,N,RAZORVILLE,RD,,,,,"6120 N Razorville Rd, Byron, IL 61010, United States"
42.10607,-89.29848,I22,1,SW,1393,MUELLER,,6170,N,RAZORVILLE,RD,,,,,"6170 N Razorville Rd, Byron, IL 61010, United States"
42.12259,-89.26558,C10,1,CTY,1517,MUELLER,,803,W,RIVER,DR,,,,,"803 River Dr, Byron, IL 61010, United States"
42.12291,-89.26759,C12,1,CTY,1517,MUELLER,,915,W,RIVER,DR,,,,,"915 River Dr, Byron, IL 61010, United States"
42.12336,-89.26815,C05,1,CTY,1444,MUELLER,,927,W,RIVER,LN,,,,,"927 River Ln, Byron, IL 61010, United States"
42.0940002,-89.3165634,I49,1,J,1587,CLOW CORP,,5393,N,RIVER,RD,,,,,"5393 N River Rd, Byron, IL 61010, United States"
42.0986127,-89.3093124,I23,1,SW,1469,MUELLER,,6021,N,RIVER,RD,,,,,"6021 N River Rd, Byron, IL 61010, United States"
42.10544,-89.29978,I10,1,WC,1444,MUELLER,,6387,N,RIVER,RD,,,,,"6387 N River Rd, Byron, IL 61010, United States"
42.10873,-89.29608,I09,1,WC,1505,MUELLER,,6501,N,RIVER,RD,,,,,"6501 N River Rd, Byron, IL 61010, United States"
42.11393,-89.28836,I08,1,WC,1419,MUELLER,,6849,N,RIVER,RD,,,,,"6849 N River Rd, Byron, IL 61010, United States"
42.1160923,-89.2842763,M15,1,SC,1457,MUELLER,,6965,N,RIVER,RD,,,,,"6965 N River Rd, Byron, IL 61010, United States"
42.1162128,-89.2837862,M14,1,SC,1457,MUELLER,,7015,N,RIVER,RD,,,,,"7015 N River Rd, Byron, IL 61010, United States"
42.1171124,-89.2803218,M12,1,SC,1444,MUELLER,,7075,N,RIVER,RD,,,,,"7075 N River Rd, Byron, IL 61010, United States"
42.11692,-89.28045,M13,1,SC,1444,MUELLER,,7083,N,RIVER,RD,,,,,"7083 N River Rd, Byron, IL 61010, United States"
42.1177997,-89.2729042,M10,1,SC,1444,MUELLER,,7171,N,RIVER,RD,,,,,"7171 N River Rd, Byron, IL 61010, United States"
42.11853,-89.27656,M11,1,SC,1493,MUELLER,,7184,N,RIVER,RD,,,,,"7184 N River Rd, Byron, IL 61010, United States"
42.1177851,-89.2718409,M09,1,SC,1457,MUELLER,,7283,N,RIVER,RD,,,,,"7283 N River Rd, Byron, IL 61010, United States"
42.1177985,-89.2715079,M08,1,SC,1493,MUELLER,,7327,N,RIVER,RD,,,,,"7327 N River Rd, Byron, IL 61010, United States"
42.1178233,-89.2711861,M07,1,SC,1469,MUELLER,,7371,N,RIVER,RD,,,,,"7371 N River Rd, Byron, IL 61010, United States"
42.1181359,-89.2697671,M06,1,SC,1541,MUELLER,,7413,N,RIVER,RD,,,,,"7413 N River Rd, Byron, IL 61010, United States"
42.1187914,-89.2676984,M05,1,SC,1367,MUELLER,,7499,N,RIVER,RD,,,,,"7499 N River Rd, Byron, IL 61010, United States"
42.1191646,-89.2661091,M04,1,SC,1587,MUELLER,,7563,N,RIVER,RD,,,,,"7563 N River Rd, Byron, IL 61010, United States"
42.1190792,-89.2620457,M03,1,SC,1444,MUELLER,,7705,N,RIVER,RD,,,,,"7705 N River Rd, Byron, IL 61010, United States"
42.1189163,-89.260497,M02,1,SC,1444,MUELLER,,7863,N,RIVER,RD,,,,,"7863 N River Rd, Byron, IL 61010, United States"
42.1188769,-89.2601081,M01,1,SC,1609,MUELLER,,7975,N,RIVER,RD,,,,,"7975 N River Rd, Byron, IL 61010, United States"
42.09575,-89.31084,I33,,,,,,,,ROCKVALE,DR,,,,,"E Rockvale Dr, Byron, IL 61010, United States"
42.11802,-89.25362,I03,1,WC,1393,MUELLER,,7147,N,ROUTE 2,,,,,,"7157 CR-2, Byron, IL 61010, United States"
42.13106,-89.24009,H27,1,T,1505,MUELLER,,8035,,RYAN CI,,,,,,"8035 N Ryan Cir, Byron, IL 61010, United States"
42.1268879,-89.2519676,H02,1,CTY,1393,MUELLER,,431,E,SECOND,ST,,,,,"431 E 2nd St, Byron, IL 61010, United States"
42.1262487,-89.267782,D09,1,CTY,1367,MUELLER,,1015,W,SECOND,ST,,,,,"1014 W 2nd St, Byron, IL 61010, United States"
42.12671,-89.2727,D10,1,CTY,1327,MUELLER,,1165,W,SECOND,ST,,,,,"1165 W 2nd St, Byron, IL 61010, United States"
42.12671,-89.2727,D11,1,CTY,1393,MUELLER,,1177,W,SECOND,ST,,,,,"1177 W 2nd St, Byron, IL 61010, United States"
42.12602,-89.27305,D12,1,CTY,0,KENNEDY,,1182,W,SECOND,ST,,,,,"1182 W 2nd St, Byron, IL 61010, United States"
42.1264847,-89.2577961,D01,1,CTY,1258,MUELLER,,200,W,SECOND,ST,,,,,"200 W 2nd St, Byron, IL 61010, United States"
42.1263,-89.25848,D18,1,CTY,1286,MUELLER,,232,W,SECOND,ST,,,,,"232 W 2nd St, Byron, IL 61010, United States"
42.1265524,-89.2662752,D05,1,CTY,1367,MUELLER,,733,W,SECOND,ST,,,,,"733 W 2nd St, Byron, IL 61010, United States"
42.12616,-89.26572,D05.5,1,CTY,1406,MUELLER,,802,W,SECOND,ST,,,,,"802 W 2nd St, Byron, IL 61010, United States"
42.12605,-89.26661,D06,1,CTY,1393,MUELLER,,830,W,SECOND,ST,,,,,"830 W 2nd St, Byron, IL 61010, United States"
42.1262651,-89.2671068,D07,1,CTY,1354,MUELLER,,932,W,SECOND,ST,,,,,"932 W 2nd St, Byron, IL 61010, United States"
42.13581,-89.2837,J03,1,WC,1469,MUELLER,,762,,SEVEN HICKORY,RD,,,,,"762 Seven Hickory Rd, Byron, IL 61010, United States"
42.13677,-89.28371,J02,1,WC,1469,MUELLER,,838,,SEVEN HICKORY,RD,,,,,"838 Seven Hickory Rd, Byron, IL 61010, United States"
42.1383,-89.28694,J16,1,Z,1469,MUELLER,,1001,,SHADOW WOOD,DR,,,,,"1001 Shadow Wood Dr, Byron, IL 61010, United States"
42.13879,-89.28694,J17,1,Z,1444,MUELLER,,1027,,SHADOW WOOD,DR,,,,,"1027 Shadow Wood Dr, Byron, IL 61010, United States"
42.13951,-89.28696,J18,1,Z,1444,MUELLER,,1057,,SHADOW WOOD,DR,,,,,"1057 Shadow Wood Dr, Byron, IL 61010, United States"
42.13721,-89.28606,J14,1,Y,1341,MUELLER,,2102,,SILVERTHORN,DR,,,,,"2102 Silverthorn Dr, Byron, IL 61010, United States"
42.13721,-89.28516,J09,1,Y,1314,MUELLER,,2010,E,SILVERTHORN,DR,,,,,"2010 Silverthorn Dr, Byron, IL 61010, United States"
42.13721,-89.28546,J19,1,Y,1393,MUELLER,,2016,E,SILVERTHORN,DR,,,,,"2016 Silverthorn Dr, Byron, IL 61010, United States"
42.13161,-89.25751,E04,1,CTY,1258,MUELLER,,131,W,SIXTH,ST,,,,,"131 W 6th St, Byron, IL 61010, United States"
42.13366,-89.27537,G16,1,X,1432,MUELLER,,1411,,SOUTHFIELD,LN,,,,,"1411 Southfield Ln, Byron, IL 61010, United States"
42.13392,-89.27867,G17,1,X,1469,MUELLER,,1543,,SOUTHFIELD,LN,,,,,"1543 Southfield Ln, Byron, IL 61010, United States"
42.13463,-89.27983,G18,1,Y,1469,MUELLER,,1637,,SOUTHFIELD,LN,,,,,"1637 Southfield Ln, Byron, IL 61010, United States"
42.13424,-89.28137,G19,1,X,1469,MUELLER,,1802,,SOUTHFIELD,LN,,,,,"1802 Southfield Ln, Byron, IL 61010, United States"
42.13423,-89.28287,J04,1,WC,1469,MUELLER,,1850,,SOUTHFIELD,LN,,,,,"1850 Southfield Ln, Byron, IL 61010, United States"
42.13422,-89.28394,J05,1,Y,1469,MUELLER,,1918,,SOUTHFIELD,LN,,,,,"1918 Southfield Ln, Byron, IL 61010, United States"
42.13446,-89.28526,J08,1,Y,1469,MUELLER,,2012,,SOUTHFIELD,LN,,,,,"2012 Southfield Ln, Byron, IL 61010, United States"
42.13533,-89.28553,J11,1,Y,1529,MUELLER,,2029,,SOUTHFIELD,LN,,,,,"2029 Southfield Ln, Byron, IL 61010, United States"
42.13513,-89.28688,J12,1,Y,1457,MUELLER,,2118,,SOUTHFIELD,LN,,,,,"2118 Southfield Ln, Byron, IL 61010, United States"
42.1415,-89.26731,F08,1,B,1529,KENNEDY,,8629,,SUNSET,CT,,,,,"8629 Sunset Ct, Byron, IL 61010, United States"
42.1435088,-89.2679951,F11,1,B,1367,KENNEDY,,8697,,SUNSET,DR,,,,,"8697 Sunset Dr, Byron, IL 61010, United States"
42.12794,-89.25279,A07,1,CTY,1314,WATEROUS,,,E,THIRD,ST,,,,,"E 3rd St, Byron, IL 61010, United States"
42.1277651,-89.2542061,A08,1,CTY,1314,MUELLER,,200,E,THIRD,ST,,,,,"200 E 3rd St, Byron, IL 61010, United States"
42.1278051,-89.25279,H04,,,,,,300,E,THIRD,ST,,,,,"300 E 3rd St, Byron, IL 61010, United States"
42.1278452,-89.250945,H03,1,CTY,1354,WATEROUS,,400,E,THIRD,ST,,,,,"400 E 3rd St, Byron, IL 61010, United States"
42.1277145,-89.2562318,E01,1,CTY,1286,MUELLER,,100,W,THIRD,ST,,,,,"100 W 3rd St, Byron, IL 61010, United States"
42.1276447,-89.2591859,E02,1,CTY,1341,MUELLER,,300,W,THIRD,ST,,,,,"300 W 3rd St, Byron, IL 61010, United States"
42.14645,-89.27453,F35,1,NC,1444,MUELLER,,9088,N,TOWER,RD,,,,,"9088 N Tower Rd, Byron, IL 61010, United States"
42.14855,-89.27328,F32,1,WC,1184,MUELLER,,9227,N,TOWER,RD,,,,,"9227 N Tower Rd, Byron, IL 61010, United States"
42.1254963,-89.2560609,A03,1,CTY,1300,WATEROUS,,100,N,UNION,ST,,,,,"100 N Union St, Byron, IL 61010, United States"
42.1256674,-89.2557104,A04,1,CTY,1341,MUELLER,,115,N,UNION,ST,,,,,"115 N Union St, Byron, IL 61010, United States"
42.127979,-89.2562113,A06,,,,,,300,N,UNION,ST,,,,,"300 N Union St, Byron, IL 61010, United States"
42.1289096,-89.25627,H19,1,CTY,1286,MUELLER,,400,N,UNION,ST,,,,,"398 N Union St, Byron, IL 61010, United States"
42.13141,-89.25448,H20,1,CTY,1286,MUELLER,,500,N,UNION,ST,,,,,"500 N Union St, Byron, IL 61010, United States"
42.13897,-89.26772,F05,1,B,1367,KENNEDY,,8540,,VALLEY VIEW,DR,,,,,"8540 Valley View Dr, Byron, IL 61010, United States"
42.13898,-89.26607,F01,1,B,1552,KENNEDY,,8564,,VALLEY VIEW,DR,,,,,"8564 Valley View Dr, Byron, IL 61010, United States"
42.13941,-89.26666,F07,1,B,1564,KENNEDY,,8573,,VERDE,CT,,,,,"8573 Verde Ct, Byron, IL 61010, United States"
42.13975,-89.27099,F06,1,B,1564,KENNEDY,,8578,,VERDE,DR,,,,,"8578 Verde Dr, Byron, IL 61010, United States"
42.14117,-89.26681,F10,1,B,1675,KENNEDY,,8604,,VERDE,DR,,,,,"8604 Verde Dr, Byron, IL 61010, United States"
42.14262,-89.2667,F09,1,B,1469,KENNEDY,,8648,,VERDE,DR,,,,,"8648 Verde Dr, Byron, IL 61010, United States"
42.1288789,-89.2575076,E03,1,CTY,1300,MUELLER,,411,N,WALNUT,ST,,,,,"399 N Walnut St, Byron, IL 61010, United States"
42.1239822,-89.2576405,B06,1,CTY,1367,MUELLER,,200,S,WALNUT,ST,,,,,"200 S Walnut St, Byron, IL 61010, United States"
42.12729,-89.25859,D19,1,CTY,1258,MUELLER,,123,N,WASHINGTON,ST,,,,,"221 N Washington St, Byron, IL 61010, United States"
42.1279108,-89.2591714,E06,,,,,,300,N,WASHINGTON,ST,,,,,"300 N Washington St, Byron, IL 61010, United States"
42.14834,-89.27434,F33,1,NC,1169,MUELLER,,3095,,WATER,RD,,,,,"3095 E Water Rd, Byron, IL 61010, United States"
42.1433243,-89.2626363,F17,1,B,1609,MUELLER,,8459,,WENDY,CT,,,,,"8459 Wendy Ct, Byron, IL 61010, United States"
42.1238355,-89.26287,B09,1,CTY,1314,MUELLER,,200,S,WEST,ST,,,,,"200 S West St, Byron, IL 61010, United States"
42.13646,-89.27693,G32,1,X,1406,MUELLER,,1519,,WESTMONT,DR,,,,,"1519 Westmont Dr, Byron, IL 61010, United States"
42.1388,-89.26345,F28,1,B,1653,MUELLER,,3775,,WHIPPOORWILL,LN,,,,,"3775 E Whippoorwill Ln, Byron, IL 61010, United States"
42.13895,-89.26162,F29,1,B,0,MUELLER,,3867,,WHIPPOORWILL,LN,,,,,"3867 E Whippoorwill Ln, Byron, IL 61010, United States"
42.13896,-89.25999,F30,1,B,1717,MUELLER,,3955,,WHIPPOORWILL,LN,,,,,"3955 E Whippoorwill Ln, Byron, IL 61010, United States"
42.1418387,-89.2589196,F24,1,B,1877,MUELLER,,8412,,WINNEBAGO,LN,,,,,"8412 Winnebago Ln, Byron, IL 61010, United States"
42.14156,-89.25943,F23,1,B,1738,MUELLER,,8416,,WINNEBAGO,LN,,,,,"8416 Winnebago Ln, Byron, IL 61010, United States"
42.14155,-89.26017,F22,1,B,1877,MUELLER,,8420,,WINNEBAGO,LN,,,,,"8420 Winnebago Ln, Byron, IL 61010, United States"
42.14154,-89.26155,F21,1,B,1675,MUELLER,,8434,,WINNEBAGO,LN,,,,,"8434 Winnebago Ln, Byron, IL 61010, United States"
42.14153,-89.26211,F20,,B,1587,MUELLER,,8438,,WINNEBAGO,LN,,,,,"8438 Winnebago Ln, Byron, IL 61010, United States"
42.1429,-89.2637,F18,1,B,1564,MUELLER,,8464,,WINNEBAGO,LN,,,,,"8464 Winnebago Ln, Byron, IL 61010, United States"
42.1418089,-89.2626067,F16,1,B,1675,MUELLER,,8468,,WINNEBAGO,LN,,,,,"8468 Winnebago Ln, Byron, IL 61010, United States"
42.1434721,-89.2630451,F14,1,B,1675,MUELLER,,8495,,WINNEBAGO,LN,,,,,"8495 Winnebago Ln, Byron, IL 61010, United States"
42.1442666,-89.2630451,F19,,,,,,8625,,WINNEBAGO,LN,,,,,"8625 Winnebago Ln, Byron, IL 61010, United States"
42.14466,-89.26292,F12,1,B,1444,MUELLER,,8635,,WINNEBAGO,LN,,,,,"8635 Winnebago Ln, Byron, IL 61010, United States"
42.14478,-89.26292,F13,1,B,1444,MUELLER,,8689,,WINNEBAGO,LN,,,,,"8689 Winnebago Ln, Byron, IL 61010, United States"
42.08785,-89.30631,I10.5,1,,1341,MUELLER,,1546,,ACORN,RD,,Byron,IL,61010,"1546 E Acorn Rd, Byron, IL 61010, United States"
42.0892,-89.30215,I11.5,1,,1444,MUELLER,,1780,,ACORN,RD,,Byron,IL,61010,"1780 E Acorn Rd, Byron, IL 61010, United States"
42.13417,-89.24856,H38,1,NC,1169,MUELLER,,,,BIRCH,ST,,Byron,IL,61010,"Birch St, Byron, IL 61010, United States"
42.13409,-89.24809,H37,1,NC,1327,MUELLER,,721,,BIRCH,ST,,Byron,IL,61010,"721 Birch St, Byron, IL 61010, United States"
42.09503,-89.31347,I34,1,,1564,CLOW,,,N,BLACKHAWK,DR,,Byron,IL,61010,"N Blackhawk Dr, Byron, IL 61010, United States"
42.14561,-89.27077,F44,1,,1444,MUELLER,,1551,E,BRENTWOOD,DR,,Byron,IL,61010,"1551 Brentwood Dr, Byron, IL 61010, United States"
42.14805,-89.27087,F38,1,,1341,MUELLER,,1637,E,BRENTWOOD,DR,,Byron,IL,61010,"1637 Brentwood Dr, Byron, IL 61010, United States"
42.14857,-89.27109,F37,1,,1199,MUELLER,,1669,E,BRENTWOOD,DR,,Byron,IL,61010,"1669 Brentwood Dr, Byron, IL 61010, United States"
42.13171,-89.26388,B11,1,,1341,MUELLER,,,N,COLFAX,ST,,Byron,IL,61010,"N Colfax St, Byron, IL 61010, United States"
42.1320334,-89.2640249,E16.1,1,,1367,MUELLER,,696,N,COLFAX,ST,,Byron,IL,61010,"696 N Colfax St, Byron, IL 61010, United States"
42.1320334,-89.2640249,E16.2,1,,1314,,,696,N,COLFAX,ST,,Byron,IL,61010,"696 N Colfax St, Byron, IL 61010, United States"
42.1320334,-89.2640249,E16.3,1,,1314,,,696,N,COLFAX,ST,,Byron,IL,61010,"696 N Colfax St, Byron, IL 61010, United States"
42.1320334,-89.2640249,E16.4,1,,1393,MUELLER,,696,N,COLFAX,ST,,Byron,IL,61010,"696 N Colfax St, Byron, IL 61010, United States"
42.13513,-89.26665,E21,1,,1393,MUELLER,,850,N,COLFAX,ST,,Byron,IL,61010,"850 N Colfax St, Byron, IL 61010, United States"
42.13513,-89.26665,E22,1,,1169,MUELLER,,850,N,COLFAX,ST,,Byron,IL,61010,"850 N Colfax St, Byron, IL 61010, United States"
42.13513,-89.26665,E23,1,,1393,MUELLER,,850,N,COLFAX,ST,,Byron,IL,61010,"850 N Colfax St, Byron, IL 61010, United States"
42.13513,-89.26665,E24,1,,1393,MUELLER,,850,N,COLFAX,ST,,Byron,IL,61010,"850 N Colfax St, Byron, IL 61010, United States"
42.13513,-89.26665,E25,1,,1393,MUELLER,,850,N,COLFAX,ST,,Byron,IL,61010,"850 N Colfax St, Byron, IL 61010, United States"
42.13513,-89.26665,E26,1,,1419,MUELLER,,850,N,COLFAX,ST,,Byron,IL,61010,"850 N Colfax St, Byron, IL 61010, United States"
42.13513,-89.26665,E27,1,,1419,MUELLER,,850,N,COLFAX,ST,,Byron,IL,61010,"850 N Colfax St, Byron, IL 61010, United States"
42.13513,-89.26665,E28,1,,1393,MUELLER,,850,N,COLFAX,ST,,Byron,IL,61010,"850 N Colfax St, Byron, IL 61010, United States"
42.13513,-89.26665,E29,1,,1444,MUELLER,,850,N,COLFAX,ST,,Byron,IL,61010,"850 N Colfax St, Byron, IL 61010, United States"
42.12358,-89.26351,B12,1,,1314,MUELLER,,207,S,COLFAX,ST,,Byron,IL,61010,"207 S Colfax St, Byron, IL 61010, United States"
42.12284,-89.26348,B12.5,1,,1229,MUELLER,,225,S,COLFAX,ST,,Byron,IL,61010,"225 S Colfax St, Byron, IL 61010, United States"
42.12426,-89.26886,C06.5,1,,1341,MUELLER,,1008,,CRESTVIEW,TRL,,Byron,IL,61010,"1008 Crest View Trl, Byron, IL 61010, United States"
42.08888,-89.31518,I41,1,,0,CLOW,,903,N,DEVILS,LN,,Byron,IL,61010,"903 N Devils Ln, Byron, IL 61010, United States"
42.14717,-89.27402,F40,1,,1393,MUELLER,,,,EVERETT,LN,,Byron,IL,61010,"Everett Ln, Byron, IL 61010, United States"
42.14694,-89.27165,F41,1,,1341,MUELLER,,1244,,EVERETT,LN,,Byron,IL,61010,"1244 Everett Ln, Byron, IL 61010, United States"
42.12758,-89.26029,B01.5,1,,1341,MUELLER,,,N,FRANKLIN,ST,,Byron,IL,61010,"N Franklin St, Byron, IL 61010, United States"
42.11044,-89.28742,I07.5,1,,1341,MUELLER,,6596,,FRIDAY,RD,,Byron,IL,61010,"6596 N Friday Rd, Byron, IL 61010, United States"
42.11114,-89.28747,I07.2,1,,1444,MUELLER,,6640,,FRIDAY,RD,,Byron,IL,61010,"6640 N Friday Rd, Byron, IL 61010, United States"
42.11307,-89.2865,I06.5,1,,1341,MUELLER,,6749,,FRIDAY,RD,,Byron,IL,61010,"6749 N Friday Rd, Byron, IL 61010, United States"
42.13859,-89.2778,F59,1,,1717,MUELLER,,1120,,GLACIER,DR,,Byron,IL,61010,"1120 Glacier Dr, Byron, IL 61010, United States"
42.14037,-89.27734,F56,1,,1696,MUELLER,,1227,,GLACIER,DR,,Byron,IL,61010,"1227 Glacier Dr, Byron, IL 61010, United States"
42.14217,-89.27736,F58,1,,1779,MUELLER,,1321,,GLACIER,DR,,Byron,IL,61010,"1321 Glacier Dr, Byron, IL 61010, United States"
42.14293,-89.27679,F60,1,,1653,MUELLER,,1339,,GLACIER,DR,,Byron,IL,61010,"1339 Glacier Dr, Byron, IL 61010, United States"
42.14327,-89.27628,F61,1,,1675,MUELLER,,1351,,GLACIER,DR,,Byron,IL,61010,"1351 Glacier Dr, Byron, IL 61010, United States"
42.12578,-89.26691,B13,1,,1393,MUELLER,,,N,GRANT,ST,,Byron,IL,61010,"Grant St, Byron, IL 61010, United States"
42.13448,-89.24635,H39,1,,1169,MUELLER,,672,,HARVEST,DR,,Byron,IL,61010,"672 Harvest Dr, Byron, IL 61010, United States"
42.09413,-89.31471,I43,1,,1469,CLOW,,103,E,HILL CREST,DR,,Byron,IL,61010,"103 E Hill Crest Dr, Byron, IL 61010, United States"
42.09415,-89.31272,I36,1,,1819,MUELLER,,205,E,HILL CREST,DR,,Byron,IL,61010,"205 E Hill Crest Dr, Byron, IL 61010, United States"
42.13714,-89.24864,H41,1,,1169,MUELLER,,833,,HILLSIDE,DR,,Byron,IL,61010,"833 Hillside Dr, Byron, IL 61010, United States"
42.13631,-89.24624,H40,1,,1153,MUELLER,,867,,HILLSIDE,DR,,Byron,IL,61010,"867 Hillside Dr, Byron, IL 61010, United States"
42.14302,-89.27518,F49,1,,1541,MUELLER,,,,JOANNE,TER,,Byron,IL,61010,"Joanne Ter, Byron, IL 61010, United States"
42.14008,-89.27568,F52,1,,1696,MUELLER,,1209,,JOANNE,TER,,Byron,IL,61010,"1209 Joanne Ter, Byron, IL 61010, United States"
42.14137,-89.27564,F51,1,,1675,MUELLER,,1249,,JOANNE,TER,,Byron,IL,61010,"1249 Joanne Ter, Byron, IL 61010, United States"
42.14224,-89.27529,F50,1,,1587,MUELLER,,1335,,JOANNE,TER,,Byron,IL,61010,"1335 Joanne Ter, Byron, IL 61010, United States"
42.14426,-89.27448,F48,1,,1564,MUELLER,,1413,,JOANNE,TER,,Byron,IL,61010,"1413 Joanne Ter, Byron, IL 61010, United States"
42.14608,-89.27452,F47,1,,1469,MUELLER,,1535,,JOANNE,TER,,Byron,IL,61010,"1535 Joanne Ter, Byron, IL 61010, United States"
42.13757,-89.27605,G06.5,1,,1300,MUELLER,,3159,,MILL,RD,,Byron,IL,61010,"3159 E Mill Rd, Byron, IL 61010, United States"
42.13702,-89.27299,G05.5,1,,1314,MUELLER,,3271,,MILL,RD,,Byron,IL,61010,"3271 E Mill Rd, Byron, IL 61010, United States"
42.12972,-89.24962,H31,1,,1300,MUELLER,,,N,MINERAL,ST,,Byron,IL,61010,"N Mineral St, Byron, IL 61010, United States"
42.12972,-89.24962,H33,1,,1341,MUELLER,,,N,MINERAL,ST,,Byron,IL,61010,"N Mineral St, Byron, IL 61010, United States"
42.1325,-89.24922,H32,1,,1314,MUELLER,,645,N,MINERAL,ST,,Byron,IL,61010,"645 N Mineral St, Byron, IL 61010, United States"
42.09702,-89.30892,I44,1,,1469,CLOW,,402,E,NORTH PARK,DR,,Byron,IL,61010,"402 E North Park Dr, Byron, IL 61010, United States"
42.09382,-89.31481,I42,1,,1469,CLOW,,110,E,OAKWOOD,DR,,Byron,IL,61010,"110 E Oakwood Dr, Byron, IL 61010, United States"
42.09335,-89.30929,I29,1,,1444,CLOW,,313,E,OAKWOOD,DR,,Byron,IL,61010,"313 E Oakwood Dr, Byron, IL 61010, United States"
42.13339,-89.24724,H34,1,,1327,MUELLER,,,,OLD STATE,RD,,Byron,IL,61010,"E Old State Rd, Byron, IL 61010, United States"
42.13371,-89.24742,H35,1,,1286,MUELLER,,4624,,OLD STATE,RD,,Byron,IL,61010,"4624 E Old State Rd, Byron, IL 61010, United States"
42.13375,-89.24644,H36,1,,1314,MUELLER,,4696,,OLD STATE,RD,,Byron,IL,61010,"4696 E Old State Rd, Byron, IL 61010, United States"
42.1027,-89.29919,I20.5,1,,1779,MUELLER,,6056,N,RAZORVILLE,RD,,Byron,IL,61010,"6056 N Razorville Rd, Byron, IL 61010, United States"
42.11466,-89.28961,I46,1,,1675,WATEROUS,,,N,RIVER,RD,,Byron,IL,61010,"N River Rd, Byron, IL 61010, United States"
42.11466,-89.28961,I52,,,,,,,N,RIVER,RD,,Byron,IL,61010,"N River Rd, Byron, IL 61010, United States"
42.11466,-89.28961,I53,,,,,,,N,RIVER,RD,,Byron,IL,61010,"N River Rd, Byron, IL 61010, United States"
42.11466,-89.28961,I54,,,,,,5054,N,RIVER,RD,,Byron,IL,61010,"N River Rd, Byron, IL 61010, United States"
42.093415,-89.3181686,I51,,,,,,5242,N,RIVER,RD,,Byron,IL,61010,"5300 N River Rd, Byron, IL 61010, United States"
42.093415,-89.3181686,I50,1,,1587,MUELLER,,5258,N,RIVER,RD,,Byron,IL,61010,"5300 N River Rd, Byron, IL 61010, United States"
42.09544,-89.3157,I48,,,,,,5478,N,RIVER,RD,,Byron,IL,61010,"5478 N River Rd, Byron, IL 61010, United States"
42.09633,-89.3139,I47,1,,1564,CLOW,,5590,N,RIVER,RD,,Byron,IL,61010,"5590 N River Rd, Byron, IL 61010, United States"
42.09506,-89.31117,I35,1,,1493,WATEROUS,,,E,RIVER VIEW,DR,,Byron,IL,61010,"E River View Dr, Byron, IL 61010, United States"
42.09526,-89.30913,I32,1,,1517,CLOW,,314,E,RIVERVIEW,DR,,Byron,IL,61010,"314 Riverview Dr, Byron, IL 61010, United States"
42.16707,-89.24701,F57,1,,1675,MUELLER,,,,SHORT,LN,,Byron,IL,61010,"Short Ln, Byron, IL 61010, United States"
42.09274,-89.31488,I39,1,,1419,CLOW,,115,E,SOUTH PARK,DR,,Byron,IL,61010,"115 E South Park Dr, Byron, IL 61010, United States"
42.09277,-89.31282,I38,1,,1272,CLOW,,207,E,SOUTH PARK,DR,,Byron,IL,61010,"207 E South Park Dr, Byron, IL 61010, United States"
42.09872,-89.30878,I45,1,,1406,MUELLER,,104,N,TERRACE PARK,DR,,Byron,IL,61010,"104 N Terrace Park Dr, Byron, IL 61010, United States"
42.12777,-89.25993,E07,1,,1341,WATEROUS,,,W,THIRD,ST,,Byron,IL,61010,"W 3rd St, Byron, IL 61010, United States"
42.12734,-89.26325,E08.5,1,,1341,WATEROUS,,540,W,THIRD,ST,,Byron,IL,61010,"540 W 3rd St, Byron, IL 61010, United States"
42.14829,-89.27304,F36,1,,1341,MUELLER,,1664,,WARRENTON,CT,,Byron,IL,61010,"1664 Warrenton Ct, Byron, IL 61010, United States"
42.14622,-89.27301,F42,1,,1341,MUELLER,,,N,WARRENTON,DR,,Byron,IL,61010,"Warrenton Dr, Byron, IL 61010, United States"
42.14622,-89.27301,F45,1,,1444,MUELLER,,,N,WARRENTON,DR,,Byron,IL,61010,"Warrenton Dr, Byron, IL 61010, United States"
42.14623,-89.27341,F43,1,,1444,MUELLER,,1548,N,WARRENTON,DR,,Byron,IL,61010,"1548 Warrenton Dr, Byron, IL 61010, United States"
42.14006,-89.26427,I30,,,,,,,,WOODLAND,DR,,Byron,IL,61010,"E Woodland Dr, Byron, IL 61010, United States"
42.14006,-89.26427,I31,1,,0,CLOW,,,,WOODLAND,DR,,Byron,IL,61010,"E Woodland Dr, Byron, IL 61010, United States"
