hydr_id,date,Station,district,hydr_gpm,make,model,main_id,number,st_prefix,street,st_type,st_suffix,city,state,zip,latitude,longitude,class
I11,25-Jun-19,1,SW,1354,MUELLER,,,1669,E,ACORN,RD,,,,,0,0,B
H13,28-Jun-19,1,CTY,1493,MUELLER,,,544,,ALL SAINTS,DR,,,,,0,0,B
H24,,,,,,,,647,,ALLISON CI,,,,,,0,0,B
E12,28-Jun-19,1,CTY,1214,WATEROUS,,,415,,ASHELFORD,CT,,,,,0,0,A
E11,28-Jun-19,1,CTY,1272,WATEROUS,,,425,,ASHELFORD,CT,,,,,0,0,B
H30,28-Jun-19,1,T,1469,MUELLER,,,5142,E,ASHELFORD,DR,,,,,0,0,C
H28,28-Jun-19,1,T,1469,MUELLER,,,5170,E,ASHELFORD,DR,,,,,0,0,C
H29,,,,,,,,5218,E,ASHELFORD,DR,,,,,0,0,C
E05,28-Jun-19,1,CTY,1039,MUELLER,,,8129,N,BARKER,RD,,,,,0,0,B
C09,19-Jun-19,1,CTY,1406,MUELLER,,,103,S,BARRY,AVE,,,,,0,0,B
C17,19-Jun-19,1,CTY,1314,MUELLER,,,127,S,BARRY,AVE,,,,,0,0,B
C18,19-Jun-19,1,CTY,1564,MUELLER,,,200,S,BARRY,AVE,,,,,0,0,B
G12,13-Jun-19,1,X,1469,MUELLER,,,701,,BELAIR,DR,,,,,0,0,B
G11,13-Jun-19,1,X,1444,MUELLER,,,736,,BELAIR,DR,,,,,0,0,B
G10,13-Jun-19,,X,1406,MUELLER,,,814,,BELAIR,DR,,,,,0,0,B
G09,13-Jun-19,1,X,1381,MUELLER,,,853,,BELAIR,DR,,,,,0,0,B
B02.5,28-Jun-19,1,CTY,1444,MUELLER,,,500,E,BLACKHAWK,DR,,,,,0,0,C
H06.5,28-Jun-19,1,CTY,1564,MUELLER,,,602,E,BLACKHAWK,DR,,,,,0,0,B
C25,20-Jun-19,1,CC,1529,MUELLER,,,,W,BLACKHAWK,DR,,,,,0,0,B
C07,19-Jun-19,1,CTY,1341,MUELLER,,,1088,W,BLACKHAWK,DR,,,,,0,0,B
B01,17-Jun-19,1,CTY,1300,MUELLER,,,200,W,BLACKHAWK,DR,,,,,0,0,B
B03,17-Jun-19,1,CTY,1314,MUELLER,,,400,W,BLACKHAWK,DR,,,,,0,0,B
D14,28-Jun-19,1,CTY,1393,MUELLER,,,112,,BLANCHARD,CT,,,,,0,0,A
D13,28-Jun-19,1,CTY,1393,MUELLER,,,130,,BLANCHARD,CT,,,,,0,0,B
F31,13-Jun-19,1,B,1759,MUELLER,,,8649,E,BLUEJAY,LN,,,,,0,0,B
H26,28-Jun-19,1,T,1381,MUELLER,,,5009,,BROOKE,CT,,,,,0,0,C
H25,28-Jun-19,1,T,1469,MUELLER,,,5081,,BROOKE,CT,,,,,0,0,C
J07,13-Jun-19,1,Y,1517,MUELLER,,,749,,BROOKVIEW,DR,,,,,0,0,B
J06,13-Jun-19,1,Y,1444,MUELLER,,,837,,BROOKVIEW,DR,,,,,0,0,B
F02,13-Jun-19,1,B,1529,KENNEDY,,,8524,,BYRON HILLS,CT,,,,,0,0,B
F03,13-Jun-19,1,B,1587,KENNEDY,,,8605,,BYRON HILLS,DR,,,,,0,0,B
F04,13-Jun-19,1,B,1552,KENNEDY,,,8649,,BYRON HILLS,DR,,,,,0,0,B
A02,28-Jun-19,1,CTY,1199,MUELLER,,,200,N,CHESTNUT,ST,,,,,0,0,B
H15,28-Jun-19,1,CTY,1272,WATEROUS,,,400,N,CHESTNUT,ST,,,,,0,0,A
B05,17-Jun-19,1,CTY,1493,MUELLER,,,200,S,CHESTNUT,ST,,,,,0,0,C
I27,26-Jun-19,1,H,1341,MUELLER,,,5700,,CL MYERS,DR,,,,,0,0,B
I26,26-Jun-19,1,H,1341,MUELLER,,,5790,,CL MYERS,DR,,,,,0,0,B
I25,26-Jun-19,1,H,1381,MUELLER,,,5850,,CL MYERS,DR,,,,,0,0,B
I24,25-Jun-19,1,H,1493,MUELLER,,,5956,,CL MYERS,DR,,,,,0,0,B
E13,14-Aug-19,1,,1367,MUELLER,,,420,N,COLFAX,ST,,,,,0,0,B
E14,14-Aug-19,1,CTY,1354,MUELLER,,,425,N,COLFAX,ST,,,,,0,0,B
E15,,,,,,,,425,N,COLFAX,ST,,,,,0,0,B
E16,14-Aug-19,1,CTY,0,MUELLER,,,696,N,COLFAX,ST,,,,,0,0,B
E20,14-Aug-19,1,CTY,1341,MUELLER,,,789,N,COLFAX,ST,,,,,0,0,B
F15,12-Jun-19,1,B,1675,MUELLER,,,8485,,CRAIG,CT,,,,,0,0,B
C34,20-Jun-19,1,CC,1564,MUELLER,,,544,,CREEKSIDE,CIR,,,,,0,0,B
C32,20-Jun-19,1,CC,0,MUELLER,,,434,,CREEKSIDE,CT,,,,,0,0,B
C28,20-Jun-19,1,CC,1517,MUELLER,,,,,CREEKSIDE,DR,,,,,0,0,B
C35,20-Jun-19,1,CC,1517,MUELLER,,,,,CREEKSIDE,DR,,,,,0,0,B
C26,20-Jun-19,1,CC,1552,MUELLER,,,220,,CREEKSIDE,DR,,,,,0,0,B
C27,20-Jun-19,1,CC,1564,MUELLER,,,310,,CREEKSIDE,DR,,,,,0,0,B
C33,20-Jun-19,1,CC,1587,MUELLER,,,523,,CREEKSIDE,DR,,,,,0,0,B
C03,19-Jun-19,1,CTY,1393,WATEROUS,,,924,,CREST,CT,,,,,0,0,B
C04,19-Jun-19,1,CTY,1367,KENNEDY,,,944,,CREST,CT,,,,,0,0,B
C02,19-Jun-19,1,CTY,1367,MUELLER,,,800,,CRESTVIEW,TRL,,,,,0,0,A
C01,19-Jun-19,1,CTY,1393,KENNEDY,,,924,,CRESTVIEW,TRL,,,,,0,0,B
C06,19-Jun-19,1,CTY,1354,MUELLER,,,944,,CRESTVIEW,TRL,,,,,0,0,B
C31,20-Jun-19,1,CC,1341,MUELLER,,,1405,,CRIMSON RIDGE,LN,,,,,0,0,B
C24,19-Jun-19,1,CTY,1469,MUELLER,,,154,,DEERWOOD,CT,,,,,0,0,B
I40,26-Jun-19,1,J,1493,CLOW CORP,,,805,,DEVILS,LN,,,,,0,0,C
F34,1-Jul-19,1,NC,1341,MUELLER,,,3142,,EVERETT,LN,,,,,0,0,B
J13,13-Jun-19,1,Y,1517,MUELLER,,,850,,FIELDCREST,DR,,,,,0,0,B
F27,13-Jun-19,1,B,1587,MUELLER,,,3778,E,FINCH,LN,,,,,0,0,B
E10,28-Jun-19,1,CTY,1327,WATEROUS,,,328,W,FOURTH,ST,,,,,0,0,A
D15,20-Jun-19,1,CTY,1469,MUELLER,,,108,N,FOX RUN,LN,,,,,0,0,B
D16,20-Jun-19,1,CTY,1354,MUELLER,,,138,N,FOX RUN,LN,,,,,0,0,A
D17,20-Jun-19,1,CTY,1393,MUELLER,,,170,N,FOX RUN,LN,,,,,0,0,B
C19,19-Jun-19,1,CTY,1457,MUELLER,,,100,S,FOX RUN,LN,,,,,0,0,B
C20,19-Jun-19,1,CTY,1419,MUELLER,,,135,S,FOX RUN,LN,,,,,0,0,B
C21,19-Jun-19,1,CTY,1393,MUELLER,,,149,S,FOX RUN,LN,,,,,0,0,B
C22,19-Jun-19,1,CTY,1393,MUELLER,,,169,S,FOX RUN,LN,,,,,0,0,B
C23,19-Jun-19,1,CTY,1444,MUELLER,,,196,S,FOX RUN,LN,,,,,0,0,B
D02,28-Jun-19,1,CTY,1314,KENNEDY,,,200,N,FRANKLIN,ST,,,,,0,0,B
I04,24-Jun-19,1,WC,1457,MUELLER,,,,,FRIDAY,RD,,,,,0,0,B
I07,24-Jun-19,1,WC,1393,MUELLER,,,6730,,FRIDAY,RD,,,,,0,0,B
I06,24-Jun-19,1,WC,1432,MUELLER,,,6754,,FRIDAY,RD,,,,,0,0,B
I05,24-Jun-19,1,WC,1469,MUELLER,,,6834,,FRIDAY,RD,,,,,0,0,B
B05.5,,,,,,,,121,W,FRONT,ST,,,,,0,0,A
Z01,,,,,,,,4450,N,GERMAN CHURCH,RD,,,,,0,0,C
H05,28-Jun-19,1,CTY,1406,MUELLER,,,327,,HAMER,CT,,,,,0,0,B
G34,13-Jun-19,1,X,1444,MUELLER,,,703,,HAMPTON,DR,,,,,0,0,B
G35,13-Jun-19,1,X,1457,MUELLER,,,732,,HAMPTON,DR,,,,,0,0,B
G31,13-Jun-19,1,X,1469,MUELLER,,,802,,HAMPTON,DR,,,,,0,0,B
G20,13-Jun-19,1,Y,1444,MUELLER,,,735,,KARI,CT,,,,,0,0,B
G15,13-Jun-19,1,X,1314,MUELLER,,,1404,,KINGSWAY,CT,,,,,0,0,B
G14,13-Jun-19,1,X,1393,MUELLER,,,1436,,KINGSWAY,CT,,,,,0,0,B
G08,13-Jun-19,1,X,1406,MUELLER,,,1032,,KINGSWAY,LN,,,,,0,0,B
G07,13-Jun-19,1,X,1314,MUELLER,,,1055,,KINGSWAY,LN,,,,,0,0,B
G13,13-Jun-19,1,X,1381,MUELLER,,,814,,KINGSWAY,LN,,,,,0,0,B
G26,13-Jun-19,1,X,1367,MUELLER,,,,,KRISTI,DR,,,,,0,0,B
G25,13-Jun-19,1,X,1406,MUELLER,,,721,,KRISTI,DR,,,,,0,0,B
G27,13-Jun-19,1,WC,1300,MUELLER,,,835,E,KRISTI,DR,,,,,0,0,B
H06,28-Jun-19,1,CTY,1444,MUELLER,,,1200,,KYSOR,DR,,,,,0,0,B
H08,28-Jun-19,1,CTY,1286,MUELLER,,,1221,,KYSOR,DR,,,,,0,0,B
H09,,,,,,,,1255,,KYSOR,DR,,,,,0,0,B
H10,28-Jun-19,1,CTY,1286,MUELLER,,,1273,,KYSOR,DR,,,,,0,0,A
H12,28-Jun-19,1,CTY,1444,MUELLER,,,1509,,KYSOR,DR,,,,,0,0,A
H07,28-Jun-19,1,CTY,1517,MUELLER,,,130,E,KYSOR,DR,,,,,0,0,B
H10.5,28-Jun-19,1,CTY,1444,MUELLER,,,1360,E,KYSOR,DR,,,,,0,0,C
H12.5,28-Jun-19,1,CTY,1469,MUELLER,,,1513,E,KYSOR,DR,,,,,0,0,A
D03,28-Jun-19,1,CTY,1314,WATEROUS,,,200,N,LAFAYETTE,ST,,,,,0,0,B
B08,17-Jun-19,1,CTY,1169,MUELLER,,,233,S,LAFAYETTE,ST,,,,,0,0,A
H23,28-Jun-19,1,CTY,1243,MUELLER,,,,,LUTHER,DR,,,,,0,0,B
H14,28-Jun-19,1,CTY,1493,MUELLER,,,639,,LUTHER,DR,,,,,0,0,B
D08,28-Jun-19,1,CTY,434,MUELLER,,,100,N,MAPLE,AVE,,,,,0,0,B
C13,19-Jun-19,1,CTY,0,AMERICAN FDY &,,,127,S,MAPLE,AVE,,,,,0,0,A
C14,19-Jun-19,1,CTY,1564,MUELLER,,,200,S,MAPLE,AVE,,,,,0,0,B
F55,1-Jul-19,1,BB,1738,MUELLER,,,,,MARIJON,DR,,,,,0,0,C
F54,28-Jun-19,1,BB,1717,MUELLER,,,1302,,MARIJON,DR,,,,,0,0,C
F53,28-Jun-19,1,BB,1738,MUELLER,,,1402,,MARIJON,DR,,,,,0,0,C
B02,,,,,,,,100,N,MARKET,ST,,,,,0,0,B
A01,28-Jun-19,1,CTY,1286,WATEROUS,,,221,N,MARKET,ST,,,,,0,0,B
H16,28-Jun-19,1,CTY,1243,MUELLER,,,400,N,MARKET,ST,,,,,0,0,B
B07,17-Jun-19,1,CTY,1314,KENNEDY,,,300,W,MERCHANT,ST,,,,,0,0,B
J15,30-Aug-19,1,Y,1341,MUELLER,,,,,MILL,RD,,,,,0,0,B
J01,4-Sep-19,1,WC,1419,MUELLER,,,,E,MILL,RD,,,,,0,0,B
G28,13-Jun-19,1,WC,1272,MUELLER,,,2793,E,MILL,RD,,,,,0,0,B
G06,13-Jun-19,1,WC,1314,MUELLER,,,3221,E,MILL,RD,,,,,0,0,B
G05,13-Jun-19,1,WC,1354,MUELLER,,,3313,E,MILL,RD,,,,,0,0,B
G04,13-Jun-19,1,WC,1300,MUELLER,,,3361,E,MILL,RD,,,,,0,0,B
G03,13-Jun-19,1,WC,1169,MUELLER,,,3486,E,MILL,RD,,,,,0,0,B
G02,13-Jun-19,1,WC,1199,MUELLER,,,3499,E,MILL,RD,,,,,0,0,A
G01,13-Jun-19,1,WC,1587,MUELLER,,,3500,E,MILL,RD,,,,,0,0,B
C29,20-Jun-19,1,CC,1529,MUELLER,,,427,,MILL RIDGE,DR,,,,,0,0,B
C30,20-Jun-19,1,CC,1587,MUELLER,,,523,,MILL RIDGE,DR,,,,,0,0,B
H18,28-Jun-19,1,CTY,1229,MUELLER,,,400,N,MINERAL,ST,,,,,0,0,B
H22,28-Jun-19,1,CTY,1258,MUELLER,,,500,N,MINERAL,ST,,,,,0,0,B
F26,13-Jun-19,1,B,1587,MUELLER,,,3866,E,MOCKINGBIRD,LN,,,,,0,0,B
F25,13-Jun-19,1,B,1717,MUELLER,,,3954,E,MOCKINGBIRD,LN,,,,,0,0,B
G30,13-Jun-19,1,X,1393,MUELLER,,,741,,OAKS,LN,,,,,0,0,C
I37,26-Jun-19,1,J,0,CLOW CORP,,,,,OAKWOOD,DR,,,,,0,0,C
J20,14-Jun-19,1,Z,1444,MUELLER,,,1055,,OLD HUNTER,RUN,,,,,0,0,C
J21,14-Jun-19,1,Z,1243,MUELLER,,,1125,,OLD HUNTER,RUN,,,,,0,0,C
J22,14-Jun-19,1,Z,1444,MUELLER,,,1175,,OLD HUNTER,RUN,,,,,0,0,C
J10,13-Jun-19,1,Y,1481,MUELLER,,,813,,OLD HUNTER,RUN,,,,,0,0,B
G33,13-Jun-19,1,X,1432,MUELLER,,,739,,OXFORD,DR,,,,,0,0,B
I28,26-Jun-19,1,J,1505,CLOW CORP,,,311,S,PARK,DR,,,,,0,0,B
C11,19-Jun-19,1,CTY,1393,MUELLER,,,803,W,PARK,DR,,,,,0,0,A
G29,13-Jun-19,1,X,1367,MUELLER,,,1848,,PENNY,LN,,,,,0,0,C
C08,19-Jun-19,1,CTY,633,MUELLER,,,100,S,PERENE,AVE,,,,,0,0,B
C15,19-Jun-19,1,CTY,1314,AMERICAN FDY &,,,123,S,PERENE,AVE,,,,,0,0,B
C16,19-Jun-19,1,CTY,1564,WATEROUS,,,200,S,PERENE,AVE,,,,,0,0,B
H01,28-Jun-19,1,CTY,1393,WATEROUS,,,203,N,PERU,ST,,,,,0,0,B
H17,28-Jun-19,1,CTY,1314,MUELLER,,,400,N,PERU,ST,,,,,0,0,B
H21,28-Jun-19,1,CTY,1258,KENNEDY,,,500,N,PERU,ST,,,,,0,0,B
B04,17-Jun-19,1,CTY,1505,MUELLER,,,100,S,PERU,ST,,,,,0,0,B
I12,25-Jun-19,1,SW,1564,MUELLER,,,,N,RAZORVILLE,RD,,,,,0,0,B
I14,,,,,,,,4629,N,RAZORVILLE,RD,,,,,0,0,B
I13,,,,,,,,4800,N,RAZORVILLE,RD,,,,,0,0,A
I15,25-Jun-19,1,SW,1696,MUELLER,,,5200,N,RAZORVILLE,RD,,,,,0,0,B
I16,25-Jun-19,1,SW,1653,MUELLER,,,5300,N,RAZORVILLE,RD,,,,,0,0,B
I17,25-Jun-19,1,SW,1717,MUELLER,,,5458,N,RAZORVILLE,RD,,,,,0,0,B
I18,25-Jun-19,1,SW,1564,MUELLER,,,5600,N,RAZORVILLE,RD,,,,,0,0,B
I19,25-Jun-19,1,SW,1444,MUELLER,,,5749,N,RAZORVILLE,RD,,,,,0,0,B
I20,,,,,,,,5924,N,RAZORVILLE,RD,,,,,0,0,C
I21,25-Jun-19,1,SW,1341,MUELLER,,,6120,N,RAZORVILLE,RD,,,,,0,0,C
I22,25-Jun-19,1,SW,1393,MUELLER,,,6170,N,RAZORVILLE,RD,,,,,0,0,C
C10,19-Jun-19,1,CTY,1517,MUELLER,,,803,W,RIVER,DR,,,,,0,0,A
C12,19-Jun-19,1,CTY,1517,MUELLER,,,915,W,RIVER,DR,,,,,0,0,B
C05,19-Jun-19,1,CTY,1444,MUELLER,,,927,W,RIVER,LN,,,,,0,0,A
I49,27-Jun-19,1,J,1587,CLOW CORP,,,5393,N,RIVER,RD,,,,,0,0,C
I23,25-Jun-19,1,SW,1469,MUELLER,,,6021,N,RIVER,RD,,,,,0,0,B
I10,25-Jun-19,1,WC,1444,MUELLER,,,6387,N,RIVER,RD,,,,,0,0,C
I09,25-Jun-19,1,WC,1505,MUELLER,,,6501,N,RIVER,RD,,,,,0,0,C
I08,25-Jun-19,1,WC,1419,MUELLER,,,6849,N,RIVER,RD,,,,,0,0,C
M15,27-Jun-19,1,SC,1457,MUELLER,,,6965,N,RIVER,RD,,,,,0,0,C
M14,27-Jun-19,1,SC,1457,MUELLER,,,7015,N,RIVER,RD,,,,,0,0,C
M12,27-Jun-19,1,SC,1444,MUELLER,,,7075,N,RIVER,RD,,,,,0,0,C
M13,27-Jun-19,1,SC,1444,MUELLER,,,7083,N,RIVER,RD,,,,,0,0,C
M10,27-Jun-19,1,SC,1444,MUELLER,,,7171,N,RIVER,RD,,,,,0,0,C
M11,27-Jun-19,1,SC,1493,MUELLER,,,7184,N,RIVER,RD,,,,,0,0,C
M09,27-Jun-19,1,SC,1457,MUELLER,,,7283,N,RIVER,RD,,,,,0,0,C
M08,27-Jun-19,1,SC,1493,MUELLER,,,7327,N,RIVER,RD,,,,,0,0,C
M07,27-Jun-19,1,SC,1469,MUELLER,,,7371,N,RIVER,RD,,,,,0,0,C
M06,27-Jun-19,1,SC,1541,MUELLER,,,7413,N,RIVER,RD,,,,,0,0,C
M05,27-Jun-19,1,SC,1367,MUELLER,,,7499,N,RIVER,RD,,,,,0,0,C
M04,27-Jun-19,1,SC,1587,MUELLER,,,7563,N,RIVER,RD,,,,,0,0,C
M03,27-Jun-19,1,SC,1444,MUELLER,,,7705,N,RIVER,RD,,,,,0,0,C
M02,27-Jun-19,1,SC,1444,MUELLER,,,7863,N,RIVER,RD,,,,,0,0,C
M01,27-Jun-19,1,SC,1609,MUELLER,,,7975,N,RIVER,RD,,,,,0,0,C
I33,,,,,,,,,,ROCKVALE,DR,,,,,0,0,C
I03,24-Jun-19,1,WC,1393,MUELLER,,,7147,N,ROUTE 2,,,,,,0,0,B
H27,28-Jun-19,1,T,1505,MUELLER,,,8035,,RYAN CI,,,,,,0,0,C
H02,28-Jun-19,1,CTY,1393,MUELLER,,,431,E,SECOND,ST,,,,,0,0,A
D09,20-Jun-19,1,CTY,1367,MUELLER,,,1015,W,SECOND,ST,,,,,0,0,B
D10,20-Jun-19,1,CTY,1327,MUELLER,,,1165,W,SECOND,ST,,,,,0,0,B
D11,20-Jun-19,1,CTY,1393,MUELLER,,,1177,W,SECOND,ST,,,,,0,0,B
D12,20-Jun-19,1,CTY,0,KENNEDY,,,1182,W,SECOND,ST,,,,,0,0,B
D01,28-Jun-19,1,CTY,1258,MUELLER,,,200,W,SECOND,ST,,,,,0,0,B
D18,28-Jun-19,1,CTY,1286,MUELLER,,,232,W,SECOND,ST,,,,,0,0,B
D05,20-Jun-19,1,CTY,1367,MUELLER,,,733,W,SECOND,ST,,,,,0,0,B
D05.5,20-Jun-19,1,CTY,1406,MUELLER,,,802,W,SECOND,ST,,,,,0,0,B
D06,20-Jun-19,1,CTY,1393,MUELLER,,,830,W,SECOND,ST,,,,,0,0,B
D07,20-Jun-19,1,CTY,1354,MUELLER,,,932,W,SECOND,ST,,,,,0,0,B
J03,13-Jun-19,1,WC,1469,MUELLER,,,762,,SEVEN HICKORY,RD,,,,,0,0,B
J02,13-Jun-19,1,WC,1469,MUELLER,,,838,,SEVEN HICKORY,RD,,,,,0,0,B
J16,14-Jun-19,1,Z,1469,MUELLER,,,1001,,SHADOW WOOD,DR,,,,,0,0,B
J17,14-Jun-19,1,Z,1444,MUELLER,,,1027,,SHADOW WOOD,DR,,,,,0,0,B
J18,14-Jun-19,1,Z,1444,MUELLER,,,1057,,SHADOW WOOD,DR,,,,,0,0,B
J14,13-Jun-19,1,Y,1341,MUELLER,,,2102,,SILVERTHORN,DR,,,,,0,0,B
J09,13-Jun-19,1,Y,1314,MUELLER,,,2010,E,SILVERTHORN,DR,,,,,0,0,B
J19,13-Jun-19,1,Y,1393,MUELLER,,,2016,E,SILVERTHORN,DR,,,,,0,0,B
E04,28-Jun-19,1,CTY,1258,MUELLER,,,131,W,SIXTH,ST,,,,,0,0,B
G16,13-Jun-19,1,X,1432,MUELLER,,,1411,,SOUTHFIELD,LN,,,,,0,0,B
G17,13-Jun-19,1,X,1469,MUELLER,,,1543,,SOUTHFIELD,LN,,,,,0,0,B
G18,13-Jun-19,1,Y,1469,MUELLER,,,1637,,SOUTHFIELD,LN,,,,,0,0,C
G19,13-Jun-19,1,X,1469,MUELLER,,,1802,,SOUTHFIELD,LN,,,,,0,0,B
J04,13-Jun-19,1,WC,1469,MUELLER,,,1850,,SOUTHFIELD,LN,,,,,0,0,B
J05,13-Jun-19,1,Y,1469,MUELLER,,,1918,,SOUTHFIELD,LN,,,,,0,0,B
J08,13-Jun-19,1,Y,1469,MUELLER,,,2012,,SOUTHFIELD,LN,,,,,0,0,B
J11,30-Aug-19,1,Y,1529,MUELLER,,,2029,,SOUTHFIELD,LN,,,,,0,0,B
J12,30-Aug-19,1,Y,1457,MUELLER,,,2118,,SOUTHFIELD,LN,,,,,0,0,B
F08,12-Jun-19,1,B,1529,KENNEDY,,,8629,,SUNSET,CT,,,,,0,0,B
F11,12-Jun-19,1,B,1367,KENNEDY,,,8697,,SUNSET,DR,,,,,0,0,B
A07,28-Jun-19,1,CTY,1314,WATEROUS,,,,E,THIRD,ST,,,,,0,0,B
A08,28-Jun-19,1,CTY,1314,MUELLER,,,200,E,THIRD,ST,,,,,0,0,B
H04,,,,,,,,300,E,THIRD,ST,,,,,0,0,B
H03,28-Jun-19,1,CTY,1354,WATEROUS,,,400,E,THIRD,ST,,,,,0,0,B
E01,28-Jun-19,1,CTY,1286,MUELLER,,,100,W,THIRD,ST,,,,,0,0,B
E02,28-Jun-19,1,CTY,1341,MUELLER,,,300,W,THIRD,ST,,,,,0,0,B
F35,1-Jul-19,1,NC,1444,MUELLER,,,9088,N,TOWER,RD,,,,,0,0,C
F32,1-Jul-19,1,WC,1184,MUELLER,,,9227,N,TOWER,RD,,,,,0,0,B
A03,28-Jun-19,1,CTY,1300,WATEROUS,,,100,N,UNION,ST,,,,,0,0,B
A04,28-Jun-19,1,CTY,1341,MUELLER,,,115,N,UNION,ST,,,,,0,0,B
A06,,,,,,,,300,N,UNION,ST,,,,,0,0,B
H19,28-Jun-19,1,CTY,1286,MUELLER,,,400,N,UNION,ST,,,,,0,0,B
H20,28-Jun-19,1,CTY,1286,MUELLER,,,500,N,UNION,ST,,,,,0,0,B
F05,13-Jun-19,1,B,1367,KENNEDY,,,8540,,VALLEY VIEW,DR,,,,,0,0,B
F01,13-Jun-19,1,B,1552,KENNEDY,,,8564,,VALLEY VIEW,DR,,,,,0,0,B
F07,13-Jun-19,1,B,1564,KENNEDY,,,8573,,VERDE,CT,,,,,0,0,B
F06,12-Jun-19,1,B,1564,KENNEDY,,,8578,,VERDE,DR,,,,,0,0,B
F10,13-Jun-19,1,B,1675,KENNEDY,,,8604,,VERDE,DR,,,,,0,0,B
F09,12-Jun-19,1,B,1469,KENNEDY,,,8648,,VERDE,DR,,,,,0,0,B
E03,28-Jun-19,1,CTY,1300,MUELLER,,,411,N,WALNUT,ST,,,,,0,0,B
B06,17-Jun-19,1,CTY,1367,MUELLER,,,200,S,WALNUT,ST,,,,,0,0,B
D19,28-Jun-19,1,CTY,1258,MUELLER,,,123,N,WASHINGTON,ST,,,,,0,0,B
E06,,,,,,,,300,N,WASHINGTON,ST,,,,,0,0,B
F33,1-Jul-19,1,NC,1169,MUELLER,,,3095,,WATER,RD,,,,,0,0,B
F17,12-Jun-19,1,B,1609,MUELLER,,,8459,,WENDY,CT,,,,,0,0,B
B09,17-Jun-19,1,CTY,1314,MUELLER,,,200,S,WEST,ST,,,,,0,0,A
G32,13-Jun-19,1,X,1406,MUELLER,,,1519,,WESTMONT,DR,,,,,0,0,B
F28,13-Jun-19,1,B,1653,MUELLER,,,3775,,WHIPPOORWILL,LN,,,,,0,0,B
F29,12-Jun-19,1,B,0,MUELLER,,,3867,,WHIPPOORWILL,LN,,,,,0,0,B
F30,13-Jun-19,1,B,1717,MUELLER,,,3955,,WHIPPOORWILL,LN,,,,,0,0,B
F24,12-Jun-19,1,B,1877,MUELLER,,,8412,,WINNEBAGO,LN,,,,,0,0,B
F23,12-Jun-19,1,B,1738,MUELLER,,,8416,,WINNEBAGO,LN,,,,,0,0,B
F22,12-Jun-19,1,B,1877,MUELLER,,,8420,,WINNEBAGO,LN,,,,,0,0,B
F21,12-Jun-19,1,B,1675,MUELLER,,,8434,,WINNEBAGO,LN,,,,,0,0,B
F20,12-Jun-19,,B,1587,MUELLER,,,8438,,WINNEBAGO,LN,,,,,0,0,B
F18,12-Jun-19,1,B,1564,MUELLER,,,8464,,WINNEBAGO,LN,,,,,0,0,B
F16,12-Jun-19,1,B,1675,MUELLER,,,8468,,WINNEBAGO,LN,,,,,0,0,B
F14,12-Jun-19,1,B,1675,MUELLER,,,8495,,WINNEBAGO,LN,,,,,0,0,B
F19,,,,,,,,8625,,WINNEBAGO,LN,,,,,0,0,B
F12,12-Jun-19,1,B,1444,MUELLER,,,8635,,WINNEBAGO,LN,,,,,0,0,B
F13,12-Jun-19,1,B,1444,MUELLER,,,8689,,WINNEBAGO,LN,,,,,0,0,B
I10.5,25-Jun-19,1,,1341,MUELLER,,,1546,,ACORN,RD,,Byron,IL,61010,0,0,B
I11.5,25-Jun-19,1,,1444,MUELLER,,,1780,,ACORN,RD,,Byron,IL,61010,0,0,B
H38,28-Jun-19,1,NC,1169,MUELLER,,,,,BIRCH,ST,,Byron,IL,61010,0,0,B
H37,28-Jun-19,1,NC,1327,MUELLER,,,721,,BIRCH,ST,,Byron,IL,61010,0,0,B
I34,26-Jun-19,1,,1564,CLOW,,,,N,BLACKHAWK,DR,,Byron,IL,61010,0,0,B
F44,1-Jul-19,1,,1444,MUELLER,,,1551,E,BRENTWOOD,DR,,Byron,IL,61010,0,0,B
F38,1-Jul-19,1,,1341,MUELLER,,,1637,E,BRENTWOOD,DR,,Byron,IL,61010,0,0,B
F37,1-Jul-19,1,,1199,MUELLER,,,1669,E,BRENTWOOD,DR,,Byron,IL,61010,0,0,B
B11,19-Jun-19,1,,1341,MUELLER,,,,N,COLFAX,ST,,Byron,IL,61010,0,0,B
E16.1,14-Aug-19,1,,1367,MUELLER,,,696,N,COLFAX,ST,,Byron,IL,61010,0,0,B
E16.2,14-Aug-19,1,,1314,,,,696,N,COLFAX,ST,,Byron,IL,61010,0,0,B
E16.3,14-Aug-19,1,,1314,,,,696,N,COLFAX,ST,,Byron,IL,61010,0,0,B
E16.4,14-Aug-19,1,,1393,MUELLER,,,696,N,COLFAX,ST,,Byron,IL,61010,0,0,B
E21,14-Aug-19,1,,1393,MUELLER,,,850,N,COLFAX,ST,,Byron,IL,61010,0,0,B
E22,14-Aug-19,1,,1169,MUELLER,,,850,N,COLFAX,ST,,Byron,IL,61010,0,0,B
E23,14-Aug-19,1,,1393,MUELLER,,,850,N,COLFAX,ST,,Byron,IL,61010,0,0,B
E24,14-Aug-19,1,,1393,MUELLER,,,850,N,COLFAX,ST,,Byron,IL,61010,0,0,B
E25,14-Aug-19,1,,1393,MUELLER,,,850,N,COLFAX,ST,,Byron,IL,61010,0,0,B
E26,14-Aug-19,1,,1419,MUELLER,,,850,N,COLFAX,ST,,Byron,IL,61010,0,0,B
E27,14-Aug-19,1,,1419,MUELLER,,,850,N,COLFAX,ST,,Byron,IL,61010,0,0,B
E28,14-Aug-19,1,,1393,MUELLER,,,850,N,COLFAX,ST,,Byron,IL,61010,0,0,B
E29,14-Aug-19,1,,1444,MUELLER,,,850,N,COLFAX,ST,,Byron,IL,61010,0,0,B
B12,19-Jun-19,1,,1314,MUELLER,,,207,S,COLFAX,ST,,Byron,IL,61010,0,0,B
B12.5,19-Jun-19,1,,1229,MUELLER,,,225,S,COLFAX,ST,,Byron,IL,61010,0,0,A
C06.5,19-Jun-19,1,,1341,MUELLER,,,1008,,CRESTVIEW,TRL,,Byron,IL,61010,0,0,B
I41,26-Jun-19,1,,0,CLOW,,,903,N,DEVILS,LN,,Byron,IL,61010,0,0,B
F40,1-Jul-19,1,,1393,MUELLER,,,,,EVERETT,LN,,Byron,IL,61010,0,0,B
F41,1-Jul-19,1,,1341,MUELLER,,,1244,,EVERETT,LN,,Byron,IL,61010,0,0,B
B01.5,17-Jun-19,1,,1341,MUELLER,,,,N,FRANKLIN,ST,,Byron,IL,61010,0,0,B
I07.5,24-Jun-19,1,,1341,MUELLER,,,6596,,FRIDAY,RD,,Byron,IL,61010,0,0,B
I07.2,24-Jun-19,1,,1444,MUELLER,,,6640,,FRIDAY,RD,,Byron,IL,61010,0,0,B
I06.5,4-Sep-19,1,,1341,MUELLER,,,6749,,FRIDAY,RD,,Byron,IL,61010,0,0,B
F59,28-Jun-19,1,,1717,MUELLER,,,1120,,GLACIER,DR,,Byron,IL,61010,0,0,C
F56,28-Jun-19,1,,1696,MUELLER,,,1227,,GLACIER,DR,,Byron,IL,61010,0,0,C
F58,28-Jun-19,1,,1779,MUELLER,,,1321,,GLACIER,DR,,Byron,IL,61010,0,0,C
F60,28-Jun-19,1,,1653,MUELLER,,,1339,,GLACIER,DR,,Byron,IL,61010,0,0,B
F61,28-Jun-19,1,,1675,MUELLER,,,1351,,GLACIER,DR,,Byron,IL,61010,0,0,B
B13,19-Jun-19,1,,1393,MUELLER,,,,N,GRANT,ST,,Byron,IL,61010,0,0,A
H39,28-Jun-19,1,,1169,MUELLER,,,672,,HARVEST,DR,,Byron,IL,61010,0,0,B
I43,26-Jun-19,1,,1469,CLOW,,,103,E,HILL CREST,DR,,Byron,IL,61010,0,0,B
I36,26-Jun-19,1,,1819,MUELLER,,,205,E,HILL CREST,DR,,Byron,IL,61010,0,0,B
H41,28-Jun-19,1,,1169,MUELLER,,,833,,HILLSIDE,DR,,Byron,IL,61010,0,0,B
H40,28-Jun-19,1,,1153,MUELLER,,,867,,HILLSIDE,DR,,Byron,IL,61010,0,0,B
F49,1-Jul-19,1,,1541,MUELLER,,,,,JOANNE,TER,,Byron,IL,61010,0,0,B
F52,28-Jun-19,1,,1696,MUELLER,,,1209,,JOANNE,TER,,Byron,IL,61010,0,0,C
F51,28-Jun-19,1,,1675,MUELLER,,,1249,,JOANNE,TER,,Byron,IL,61010,0,0,A
F50,1-Jul-19,1,,1587,MUELLER,,,1335,,JOANNE,TER,,Byron,IL,61010,0,0,B
F48,1-Jul-19,1,,1564,MUELLER,,,1413,,JOANNE,TER,,Byron,IL,61010,0,0,B
F47,1-Jul-19,1,,1469,MUELLER,,,1535,,JOANNE,TER,,Byron,IL,61010,0,0,B
G06.5,13-Jun-19,1,,1300,MUELLER,,,3159,,MILL,RD,,Byron,IL,61010,0,0,B
G05.5,13-Jun-19,1,,1314,MUELLER,,,3271,,MILL,RD,,Byron,IL,61010,0,0,B
H31,28-Jun-19,1,,1300,MUELLER,,,,N,MINERAL,ST,,Byron,IL,61010,0,0,B
H33,28-Jun-19,1,,1341,MUELLER,,,,N,MINERAL,ST,,Byron,IL,61010,0,0,B
H32,28-Jun-19,1,,1314,MUELLER,,,645,N,MINERAL,ST,,Byron,IL,61010,0,0,B
I44,27-Jun-19,1,,1469,CLOW,,,402,E,NORTH PARK,DR,,Byron,IL,61010,0,0,B
I42,26-Jun-19,1,,1469,CLOW,,,110,E,OAKWOOD,DR,,Byron,IL,61010,0,0,B
I29,26-Jun-19,1,,1444,CLOW,,,313,E,OAKWOOD,DR,,Byron,IL,61010,0,0,B
H34,28-Jun-19,1,,1327,MUELLER,,,,,OLD STATE,RD,,Byron,IL,61010,0,0,B
H35,28-Jun-19,1,,1286,MUELLER,,,4624,,OLD STATE,RD,,Byron,IL,61010,0,0,B
H36,28-Jun-19,1,,1314,MUELLER,,,4696,,OLD STATE,RD,,Byron,IL,61010,0,0,B
I20.5,25-Jun-19,1,,1779,MUELLER,,,6056,N,RAZORVILLE,RD,,Byron,IL,61010,0,0,B
I46,27-Jun-19,1,,1675,WATEROUS,,,,N,RIVER,RD,,Byron,IL,61010,0,0,B
I52,,,,,,,,,N,RIVER,RD,,Byron,IL,61010,0,0,B
I53,,,,,,,,,N,RIVER,RD,,Byron,IL,61010,0,0,B
I54,,,,,,,,5054,N,RIVER,RD,,Byron,IL,61010,0,0,B
I51,,,,,,,,5242,N,RIVER,RD,,Byron,IL,61010,0,0,A
I50,27-Jun-19,1,,1587,MUELLER,,,5258,N,RIVER,RD,,Byron,IL,61010,0,0,B
I48,,,,,,,,5478,N,RIVER,RD,,Byron,IL,61010,0,0,A
I47,27-Jun-19,1,,1564,CLOW,,,5590,N,RIVER,RD,,Byron,IL,61010,0,0,B
I35,26-Jun-19,1,,1493,WATEROUS,,,,E,RIVER VIEW,DR,,Byron,IL,61010,0,0,B
I32,26-Jun-19,1,,1517,CLOW,,,314,E,RIVERVIEW,DR,,Byron,IL,61010,0,0,B
F57,28-Jun-19,1,,1675,MUELLER,,,,,SHORT,LN,,Byron,IL,61010,0,0,C
I39,26-Jun-19,1,,1419,CLOW,,,115,E,SOUTH PARK,DR,,Byron,IL,61010,0,0,B
I38,26-Jun-19,1,,1272,CLOW,,,207,E,SOUTH PARK,DR,,Byron,IL,61010,0,0,A
I45,26-Jun-19,1,,1406,MUELLER,,,104,N,TERRACE PARK,DR,,Byron,IL,61010,0,0,B
E07,28-Jun-19,1,,1341,WATEROUS,,,,W,THIRD,ST,,Byron,IL,61010,0,0,B
E08.5,28-Jun-19,1,,1341,WATEROUS,,,540,W,THIRD,ST,,Byron,IL,61010,0,0,B
F36,1-Jul-19,1,,1341,MUELLER,,,1664,,WARRENTON,CT,,Byron,IL,61010,0,0,B
F42,1-Jul-19,1,,1341,MUELLER,,,,N,WARRENTON,DR,,Byron,IL,61010,0,0,B
F45,1-Jul-19,1,,1444,MUELLER,,,,N,WARRENTON,DR,,Byron,IL,61010,0,0,B
F43,1-Jul-19,1,,1444,MUELLER,,,1548,N,WARRENTON,DR,,Byron,IL,61010,0,0,B
I30,,,,,,,,,,WOODLAND,DR,,Byron,IL,61010,0,0,B
I31,26-Jun-19,1,,0,CLOW,,,,,WOODLAND,DR,,Byron,IL,61010,0,0,B
,,,,,,,,,,,,,,,,,,
,,,,,,,,,,,,,,,,,,
,,,,,,,,,,,,,,,,,,
,,,,,,,,,,,,,,,,,,
,,,,,,,,,,,,,,,,,,
,,,,,,,,,,,,,,,,,,
,,,,,,,,,,,,,,,,,,
,,,,,,,,,,,,,,,,,,
,,,,,,,,,,,,,,,,,,
,,,,,,,,,,,,,,,,,,
,,,,,,,,,,,,,,,,,,
,,,,,,,,,,,,,,,,,,
,,,,,,,,,,,,,,,,,,
,,,,,,,,,,,,,,,,,,
,,,,,,,,,,,,,,,,,,
,,,,,,,,,,,,,,,,,,
,,,,,,,,,,,,,,,,,,
,,,,,,,,,,,,,,,,,,
,,,,,,,,,,,,,,,,,,
,,,,,,,,,,,,,,,,,,
,,,,,,,,,,,,,,,,,,
,,,,,,,,,,,,,,,,,,
,,,,,,,,,,,,,,,,,,
,,,,,,,,,,,,,,,,,,
,,,,,,,,,,,,,,,,,,
,,,,,,,,,,,,,,,,,,
,,,,,,,,,,,,,,,,,,
,,,,,,,,,,,,,,,,,,
,,,,,,,,,,,,,,,,,,
,,,,,,,,,,,,,,,,,,
,,,,,,,,,,,,,,,,,,
,,,,,,,,,,,,,,,,,,
,,,,,,,,,,,,,,,,,,
,,,,,,,,,,,,,,,,,,
,,,,,,,,,,,,,,,,,,
,,,,,,,,,,,,,,,,,,
,,,,,,,,,,,,,,,,,,
,,,,,,,,,,,,,,,,,,
,,,,,,,,,,,,,,,,,,
,,,,,,,,,,,,,,,,,,
,,,,,,,,,,,,,,,,,,
,,,,,,,,,,,,,,,,,,
,,,,,,,,,,,,,,,,,,
,,,,,,,,,,,,,,,,,,
,,,,,,,,,,,,,,,,,,
,,,,,,,,,,,,,,,,,,
,,,,,,,,,,,,,,,,,,
,,,,,,,,,,,,,,,,,,
,,,,,,,,,,,,,,,,,,
,,,,,,,,,,,,,,,,,,
,,,,,,,,,,,,,,,,,,
,,,,,,,,,,,,,,,,,,
,,,,,,,,,,,,,,,,,,
,,,,,,,,,,,,,,,,,,
,,,,,,,,,,,,,,,,,,
,,,,,,,,,,,,,,,,,,
,,,,,,,,,,,,,,,,,,
,,,,,,,,,,,,,,,,,,
,,,,,,,,,,,,,,,,,,
,,,,,,,,,,,,,,,,,,
,,,,,,,,,,,,,,,,,,
,,,,,,,,,,,,,,,,,,
,,,,,,,,,,,,,,,,,,
,,,,,,,,,,,,,,,,,,
,,,,,,,,,,,,,,,,,,
,,,,,,,,,,,,,,,,,,
,,,,,,,,,,,,,,,,,,
,,,,,,,,,,,,,,,,,,
,,,,,,,,,,,,,,,,,,
,,,,,,,,,,,,,,,,,,
,,,,,,,,,,,,,,,,,,
,,,,,,,,,,,,,,,,,,
,,,,,,,,,,,,,,,,,,
,,,,,,,,,,,,,,,,,,
,,,,,,,,,,,,,,,,,,
,,,,,,,,,,,,,,,,,,
,,,,,,,,,,,,,,,,,,
,,,,,,,,,,,,,,,,,,
,,,,,,,,,,,,,,,,,,
,,,,,,,,,,,,,,,,,,
,,,,,,,,,,,,,,,,,,
,,,,,,,,,,,,,,,,,,
,,,,,,,,,,,,,,,,,,
,,,,,,,,,,,,,,,,,,
,,,,,,,,,,,,,,,,,,
,,,,,,,,,,,,,,,,,,
,,,,,,,,,,,,,,,,,,
,,,,,,,,,,,,,,,,,,
,,,,,,,,,,,,,,,,,,
,,,,,,,,,,,,,,,,,,
,,,,,,,,,,,,,,,,,,
,,,,,,,,,,,,,,,,,,
,,,,,,,,,,,,,,,,,,
,,,,,,,,,,,,,,,,,,
,,,,,,,,,,,,,,,,,,
,,,,,,,,,,,,,,,,,,
,,,,,,,,,,,,,,,,,,
,,,,,,,,,,,,,,,,,,
,,,,,,,,,,,,,,,,,,
,,,,,,,,,,,,,,,,,,
,,,,,,,,,,,,,,,,,,
,,,,,,,,,,,,,,,,,,
,,,,,,,,,,,,,,,,,,
,,,,,,,,,,,,,,,,,,
,,,,,,,,,,,,,,,,,,
,,,,,,,,,,,,,,,,,,
,,,,,,,,,,,,,,,,,,
,,,,,,,,,,,,,,,,,,
,,,,,,,,,,,,,,,,,,
,,,,,,,,,,,,,,,,,,
,,,,,,,,,,,,,,,,,,
,,,,,,,,,,,,,,,,,,
,,,,,,,,,,,,,,,,,,
,,,,,,,,,,,,,,,,,,
,,,,,,,,,,,,,,,,,,
,,,,,,,,,,,,,,,,,,
,,,,,,,,,,,,,,,,,,
,,,,,,,,,,,,,,,,,,
,,,,,,,,,,,,,,,,,,
,,,,,,,,,,,,,,,,,,
,,,,,,,,,,,,,,,,,,
,,,,,,,,,,,,,,,,,,
,,,,,,,,,,,,,,,,,,
,,,,,,,,,,,,,,,,,,
,,,,,,,,,,,,,,,,,,
,,,,,,,,,,,,,,,,,,
,,,,,,,,,,,,,,,,,,
,,,,,,,,,,,,,,,,,,
,,,,,,,,,,,,,,,,,,
,,,,,,,,,,,,,,,,,,
,,,,,,,,,,,,,,,,,,
,,,,,,,,,,,,,,,,,,
,,,,,,,,,,,,,,,,,,
,,,,,,,,,,,,,,,,,,
,,,,,,,,,,,,,,,,,,
,,,,,,,,,,,,,,,,,,
,,,,,,,,,,,,,,,,,,
,,,,,,,,,,,,,,,,,,
,,,,,,,,,,,,,,,,,,
,,,,,,,,,,,,,,,,,,
,,,,,,,,,,,,,,,,,,
,,,,,,,,,,,,,,,,,,
,,,,,,,,,,,,,,,,,,
,,,,,,,,,,,,,,,,,,
,,,,,,,,,,,,,,,,,,
,,,,,,,,,,,,,,,,,,
,,,,,,,,,,,,,,,,,,
,,,,,,,,,,,,,,,,,,
,,,,,,,,,,,,,,,,,,
,,,,,,,,,,,,,,,,,,
,,,,,,,,,,,,,,,,,,
,,,,,,,,,,,,,,,,,,
,,,,,,,,,,,,,,,,,,
,,,,,,,,,,,,,,,,,,
,,,,,,,,,,,,,,,,,,
,,,,,,,,,,,,,,,,,,
,,,,,,,,,,,,,,,,,,
,,,,,,,,,,,,,,,,,,
,,,,,,,,,,,,,,,,,,
,,,,,,,,,,,,,,,,,,
,,,,,,,,,,,,,,,,,,
,,,,,,,,,,,,,,,,,,
,,,,,,,,,,,,,,,,,,
,,,,,,,,,,,,,,,,,,
,,,,,,,,,,,,,,,,,,
,,,,,,,,,,,,,,,,,,
,,,,,,,,,,,,,,,,,,
,,,,,,,,,,,,,,,,,,
,,,,,,,,,,,,,,,,,,
,,,,,,,,,,,,,,,,,,
,,,,,,,,,,,,,,,,,,
,,,,,,,,,,,,,,,,,,
,,,,,,,,,,,,,,,,,,
,,,,,,,,,,,,,,,,,,
,,,,,,,,,,,,,,,,,,
,,,,,,,,,,,,,,,,,,
,,,,,,,,,,,,,,,,,,
,,,,,,,,,,,,,,,,,,
,,,,,,,,,,,,,,,,,,
,,,,,,,,,,,,,,,,,,
,,,,,,,,,,,,,,,,,,
,,,,,,,,,,,,,,,,,,
,,,,,,,,,,,,,,,,,,
,,,,,,,,,,,,,,,,,,
,,,,,,,,,,,,,,,,,,
,,,,,,,,,,,,,,,,,,
,,,,,,,,,,,,,,,,,,
,,,,,,,,,,,,,,,,,,
,,,,,,,,,,,,,,,,,,
,,,,,,,,,,,,,,,,,,
,,,,,,,,,,,,,,,,,,
,,,,,,,,,,,,,,,,,,
,,,,,,,,,,,,,,,,,,
,,,,,,,,,,,,,,,,,,
,,,,,,,,,,,,,,,,,,
,,,,,,,,,,,,,,,,,,
,,,,,,,,,,,,,,,,,,
,,,,,,,,,,,,,,,,,,
,,,,,,,,,,,,,,,,,,
,,,,,,,,,,,,,,,,,,
,,,,,,,,,,,,,,,,,,
,,,,,,,,,,,,,,,,,,
,,,,,,,,,,,,,,,,,,
,,,,,,,,,,,,,,,,,,
,,,,,,,,,,,,,,,,,,
,,,,,,,,,,,,,,,,,,
,,,,,,,,,,,,,,,,,,
,,,,,,,,,,,,,,,,,,
,,,,,,,,,,,,,,,,,,
,,,,,,,,,,,,,,,,,,
,,,,,,,,,,,,,,,,,,
,,,,,,,,,,,,,,,,,,
,,,,,,,,,,,,,,,,,,
,,,,,,,,,,,,,,,,,,
,,,,,,,,,,,,,,,,,,
,,,,,,,,,,,,,,,,,,
,,,,,,,,,,,,,,,,,,
,,,,,,,,,,,,,,,,,,
,,,,,,,,,,,,,,,,,,
,,,,,,,,,,,,,,,,,,
,,,,,,,,,,,,,,,,,,
,,,,,,,,,,,,,,,,,,
,,,,,,,,,,,,,,,,,,
,,,,,,,,,,,,,,,,,,
,,,,,,,,,,,,,,,,,,
,,,,,,,,,,,,,,,,,,
,,,,,,,,,,,,,,,,,,
,,,,,,,,,,,,,,,,,,
,,,,,,,,,,,,,,,,,,
,,,,,,,,,,,,,,,,,,
,,,,,,,,,,,,,,,,,,
,,,,,,,,,,,,,,,,,,
,,,,,,,,,,,,,,,,,,
,,,,,,,,,,,,,,,,,,
,,,,,,,,,,,,,,,,,,
,,,,,,,,,,,,,,,,,,
,,,,,,,,,,,,,,,,,,
,,,,,,,,,,,,,,,,,,
,,,,,,,,,,,,,,,,,,
,,,,,,,,,,,,,,,,,,
,,,,,,,,,,,,,,,,,,
,,,,,,,,,,,,,,,,,,
,,,,,,,,,,,,,,,,,,
,,,,,,,,,,,,,,,,,,
,,,,,,,,,,,,,,,,,,
,,,,,,,,,,,,,,,,,,
,,,,,,,,,,,,,,,,,,
,,,,,,,,,,,,,,,,,,
,,,,,,,,,,,,,,,,,,
,,,,,,,,,,,,,,,,,,
,,,,,,,,,,,,,,,,,,
,,,,,,,,,,,,,,,,,,
,,,,,,,,,,,,,,,,,,
,,,,,,,,,,,,,,,,,,
,,,,,,,,,,,,,,,,,,
,,,,,,,,,,,,,,,,,,
,,,,,,,,,,,,,,,,,,
,,,,,,,,,,,,,,,,,,
,,,,,,,,,,,,,,,,,,
,,,,,,,,,,,,,,,,,,
,,,,,,,,,,,,,,,,,,
,,,,,,,,,,,,,,,,,,
,,,,,,,,,,,,,,,,,,
,,,,,,,,,,,,,,,,,,
,,,,,,,,,,,,,,,,,,
,,,,,,,,,,,,,,,,,,
,,,,,,,,,,,,,,,,,,
,,,,,,,,,,,,,,,,,,
,,,,,,,,,,,,,,,,,,
,,,,,,,,,,,,,,,,,,
,,,,,,,,,,,,,,,,,,
,,,,,,,,,,,,,,,,,,
,,,,,,,,,,,,,,,,,,
,,,,,,,,,,,,,,,,,,
,,,,,,,,,,,,,,,,,,
,,,,,,,,,,,,,,,,,,
,,,,,,,,,,,,,,,,,,
,,,,,,,,,,,,,,,,,,
,,,,,,,,,,,,,,,,,,
,,,,,,,,,,,,,,,,,,
,,,,,,,,,,,,,,,,,,
,,,,,,,,,,,,,,,,,,
,,,,,,,,,,,,,,,,,,
,,,,,,,,,,,,,,,,,,
,,,,,,,,,,,,,,,,,,
,,,,,,,,,,,,,,,,,,
,,,,,,,,,,,,,,,,,,
,,,,,,,,,,,,,,,,,,
,,,,,,,,,,,,,,,,,,
,,,,,,,,,,,,,,,,,,
,,,,,,,,,,,,,,,,,,
,,,,,,,,,,,,,,,,,,
,,,,,,,,,,,,,,,,,,
,,,,,,,,,,,,,,,,,,
,,,,,,,,,,,,,,,,,,
,,,,,,,,,,,,,,,,,,
,,,,,,,,,,,,,,,,,,
,,,,,,,,,,,,,,,,,,
,,,,,,,,,,,,,,,,,,
,,,,,,,,,,,,,,,,,,
,,,,,,,,,,,,,,,,,,
,,,,,,,,,,,,,,,,,,
,,,,,,,,,,,,,,,,,,
,,,,,,,,,,,,,,,,,,
,,,,,,,,,,,,,,,,,,
,,,,,,,,,,,,,,,,,,
,,,,,,,,,,,,,,,,,,
,,,,,,,,,,,,,,,,,,
,,,,,,,,,,,,,,,,,,
,,,,,,,,,,,,,,,,,,
,,,,,,,,,,,,,,,,,,
,,,,,,,,,,,,,,,,,,
,,,,,,,,,,,,,,,,,,
,,,,,,,,,,,,,,,,,,
,,,,,,,,,,,,,,,,,,
,,,,,,,,,,,,,,,,,,
,,,,,,,,,,,,,,,,,,
,,,,,,,,,,,,,,,,,,
,,,,,,,,,,,,,,,,,,
,,,,,,,,,,,,,,,,,,
,,,,,,,,,,,,,,,,,,
,,,,,,,,,,,,,,,,,,
,,,,,,,,,,,,,,,,,,
,,,,,,,,,,,,,,,,,,
,,,,,,,,,,,,,,,,,,
,,,,,,,,,,,,,,,,,,
,,,,,,,,,,,,,,,,,,
,,,,,,,,,,,,,,,,,,
,,,,,,,,,,,,,,,,,,
,,,,,,,,,,,,,,,,,,
,,,,,,,,,,,,,,,,,,
,,,,,,,,,,,,,,,,,,
,,,,,,,,,,,,,,,,,,
,,,,,,,,,,,,,,,,,,
,,,,,,,,,,,,,,,,,,
,,,,,,,,,,,,,,,,,,
,,,,,,,,,,,,,,,,,,
,,,,,,,,,,,,,,,,,,
,,,,,,,,,,,,,,,,,,
,,,,,,,,,,,,,,,,,,
,,,,,,,,,,,,,,,,,,
,,,,,,,,,,,,,,,,,,
,,,,,,,,,,,,,,,,,,
,,,,,,,,,,,,,,,,,,
,,,,,,,,,,,,,,,,,,
,,,,,,,,,,,,,,,,,,
,,,,,,,,,,,,,,,,,,
,,,,,,,,,,,,,,,,,,
,,,,,,,,,,,,,,,,,,
,,,,,,,,,,,,,,,,,,
,,,,,,,,,,,,,,,,,,
,,,,,,,,,,,,,,,,,,
,,,,,,,,,,,,,,,,,,
,,,,,,,,,,,,,,,,,,
,,,,,,,,,,,,,,,,,,
,,,,,,,,,,,,,,,,,,
,,,,,,,,,,,,,,,,,,
,,,,,,,,,,,,,,,,,,
,,,,,,,,,,,,,,,,,,
,,,,,,,,,,,,,,,,,,
,,,,,,,,,,,,,,,,,,
,,,,,,,,,,,,,,,,,,
,,,,,,,,,,,,,,,,,,
,,,,,,,,,,,,,,,,,,
,,,,,,,,,,,,,,,,,,
,,,,,,,,,,,,,,,,,,
,,,,,,,,,,,,,,,,,,
,,,,,,,,,,,,,,,,,,
,,,,,,,,,,,,,,,,,,
,,,,,,,,,,,,,,,,,,
,,,,,,,,,,,,,,,,,,
,,,,,,,,,,,,,,,,,,
,,,,,,,,,,,,,,,,,,
,,,,,,,,,,,,,,,,,,
,,,,,,,,,,,,,,,,,,
,,,,,,,,,,,,,,,,,,
,,,,,,,,,,,,,,,,,,
,,,,,,,,,,,,,,,,,,
,,,,,,,,,,,,,,,,,,
,,,,,,,,,,,,,,,,,,
,,,,,,,,,,,,,,,,,,
,,,,,,,,,,,,,,,,,,
,,,,,,,,,,,,,,,,,,
,,,,,,,,,,,,,,,,,,
,,,,,,,,,,,,,,,,,,
,,,,,,,,,,,,,,,,,,
,,,,,,,,,,,,,,,,,,
,,,,,,,,,,,,,,,,,,
,,,,,,,,,,,,,,,,,,
,,,,,,,,,,,,,,,,,,
,,,,,,,,,,,,,,,,,,
,,,,,,,,,,,,,,,,,,
,,,,,,,,,,,,,,,,,,
,,,,,,,,,,,,,,,,,,
,,,,,,,,,,,,,,,,,,
,,,,,,,,,,,,,,,,,,
,,,,,,,,,,,,,,,,,,
,,,,,,,,,,,,,,,,,,
,,,,,,,,,,,,,,,,,,
,,,,,,,,,,,,,,,,,,
,,,,,,,,,,,,,,,,,,
,,,,,,,,,,,,,,,,,,
,,,,,,,,,,,,,,,,,,
,,,,,,,,,,,,,,,,,,
,,,,,,,,,,,,,,,,,,
,,,,,,,,,,,,,,,,,,
,,,,,,,,,,,,,,,,,,
,,,,,,,,,,,,,,,,,,
,,,,,,,,,,,,,,,,,,
,,,,,,,,,,,,,,,,,,
,,,,,,,,,,,,,,,,,,
,,,,,,,,,,,,,,,,,,
,,,,,,,,,,,,,,,,,,
,,,,,,,,,,,,,,,,,,
,,,,,,,,,,,,,,,,,,
,,,,,,,,,,,,,,,,,,
,,,,,,,,,,,,,,,,,,
,,,,,,,,,,,,,,,,,,
,,,,,,,,,,,,,,,,,,
,,,,,,,,,,,,,,,,,,
,,,,,,,,,,,,,,,,,,
,,,,,,,,,,,,,,,,,,
,,,,,,,,,,,,,,,,,,
,,,,,,,,,,,,,,,,,,
,,,,,,,,,,,,,,,,,,
,,,,,,,,,,,,,,,,,,
,,,,,,,,,,,,,,,,,,
,,,,,,,,,,,,,,,,,,
,,,,,,,,,,,,,,,,,,
,,,,,,,,,,,,,,,,,,
,,,,,,,,,,,,,,,,,,
,,,,,,,,,,,,,,,,,,
,,,,,,,,,,,,,,,,,,
,,,,,,,,,,,,,,,,,,
,,,,,,,,,,,,,,,,,,
,,,,,,,,,,,,,,,,,,
,,,,,,,,,,,,,,,,,,
,,,,,,,,,,,,,,,,,,
,,,,,,,,,,,,,,,,,,
,,,,,,,,,,,,,,,,,,
,,,,,,,,,,,,,,,,,,
,,,,,,,,,,,,,,,,,,
,,,,,,,,,,,,,,,,,,
,,,,,,,,,,,,,,,,,,
,,,,,,,,,,,,,,,,,,
,,,,,,,,,,,,,,,,,,
,,,,,,,,,,,,,,,,,,
,,,,,,,,,,,,,,,,,,
,,,,,,,,,,,,,,,,,,
,,,,,,,,,,,,,,,,,,
,,,,,,,,,,,,,,,,,,
,,,,,,,,,,,,,,,,,,
,,,,,,,,,,,,,,,,,,
,,,,,,,,,,,,,,,,,,
,,,,,,,,,,,,,,,,,,
,,,,,,,,,,,,,,,,,,
,,,,,,,,,,,,,,,,,,
,,,,,,,,,,,,,,,,,,
,,,,,,,,,,,,,,,,,,
,,,,,,,,,,,,,,,,,,
,,,,,,,,,,,,,,,,,,
,,,,,,,,,,,,,,,,,,
,,,,,,,,,,,,,,,,,,
,,,,,,,,,,,,,,,,,,
,,,,,,,,,,,,,,,,,,
,,,,,,,,,,,,,,,,,,
,,,,,,,,,,,,,,,,,,
,,,,,,,,,,,,,,,,,,
,,,,,,,,,,,,,,,,,,
,,,,,,,,,,,,,,,,,,
,,,,,,,,,,,,,,,,,,
,,,,,,,,,,,,,,,,,,
,,,,,,,,,,,,,,,,,,
,,,,,,,,,,,,,,,,,,
,,,,,,,,,,,,,,,,,,
,,,,,,,,,,,,,,,,,,
,,,,,,,,,,,,,,,,,,
,,,,,,,,,,,,,,,,,,
,,,,,,,,,,,,,,,,,,
,,,,,,,,,,,,,,,,,,
,,,,,,,,,,,,,,,,,,
,,,,,,,,,,,,,,,,,,
,,,,,,,,,,,,,,,,,,
,,,,,,,,,,,,,,,,,,
,,,,,,,,,,,,,,,,,,
,,,,,,,,,,,,,,,,,,
,,,,,,,,,,,,,,,,,,
,,,,,,,,,,,,,,,,,,
,,,,,,,,,,,,,,,,,,
,,,,,,,,,,,,,,,,,,
,,,,,,,,,,,,,,,,,,
,,,,,,,,,,,,,,,,,,
,,,,,,,,,,,,,,,,,,
,,,,,,,,,,,,,,,,,,
,,,,,,,,,,,,,,,,,,
,,,,,,,,,,,,,,,,,,
,,,,,,,,,,,,,,,,,,
,,,,,,,,,,,,,,,,,,
,,,,,,,,,,,,,,,,,,
,,,,,,,,,,,,,,,,,,
,,,,,,,,,,,,,,,,,,
,,,,,,,,,,,,,,,,,,
,,,,,,,,,,,,,,,,,,
,,,,,,,,,,,,,,,,,,
,,,,,,,,,,,,,,,,,,
,,,,,,,,,,,,,,,,,,
,,,,,,,,,,,,,,,,,,
,,,,,,,,,,,,,,,,,,
,,,,,,,,,,,,,,,,,,
,,,,,,,,,,,,,,,,,,
,,,,,,,,,,,,,,,,,,
,,,,,,,,,,,,,,,,,,
,,,,,,,,,,,,,,,,,,
,,,,,,,,,,,,,,,,,,
,,,,,,,,,,,,,,,,,,
,,,,,,,,,,,,,,,,,,
,,,,,,,,,,,,,,,,,,
,,,,,,,,,,,,,,,,,,
,,,,,,,,,,,,,,,,,,
,,,,,,,,,,,,,,,,,,
,,,,,,,,,,,,,,,,,,
,,,,,,,,,,,,,,,,,,
,,,,,,,,,,,,,,,,,,
,,,,,,,,,,,,,,,,,,
,,,,,,,,,,,,,,,,,,
,,,,,,,,,,,,,,,,,,
,,,,,,,,,,,,,,,,,,
,,,,,,,,,,,,,,,,,,
,,,,,,,,,,,,,,,,,,
,,,,,,,,,,,,,,,,,,
,,,,,,,,,,,,,,,,,,
,,,,,,,,,,,,,,,,,,
,,,,,,,,,,,,,,,,,,
,,,,,,,,,,,,,,,,,,
,,,,,,,,,,,,,,,,,,
,,,,,,,,,,,,,,,,,,
,,,,,,,,,,,,,,,,,,
,,,,,,,,,,,,,,,,,,
,,,,,,,,,,,,,,,,,,
,,,,,,,,,,,,,,,,,,
,,,,,,,,,,,,,,,,,,
,,,,,,,,,,,,,,,,,,
,,,,,,,,,,,,,,,,,,
,,,,,,,,,,,,,,,,,,
,,,,,,,,,,,,,,,,,,
,,,,,,,,,,,,,,,,,,
,,,,,,,,,,,,,,,,,,
,,,,,,,,,,,,,,,,,,
,,,,,,,,,,,,,,,,,,
,,,,,,,,,,,,,,,,,,
,,,,,,,,,,,,,,,,,,
,,,,,,,,,,,,,,,,,,
,,,,,,,,,,,,,,,,,,
,,,,,,,,,,,,,,,,,,
,,,,,,,,,,,,,,,,,,
,,,,,,,,,,,,,,,,,,
,,,,,,,,,,,,,,,,,,
,,,,,,,,,,,,,,,,,,
,,,,,,,,,,,,,,,,,,
,,,,,,,,,,,,,,,,,,
,,,,,,,,,,,,,,,,,,
,,,,,,,,,,,,,,,,,,
,,,,,,,,,,,,,,,,,,
,,,,,,,,,,,,,,,,,,
,,,,,,,,,,,,,,,,,,
,,,,,,,,,,,,,,,,,,
,,,,,,,,,,,,,,,,,,
,,,,,,,,,,,,,,,,,,
,,,,,,,,,,,,,,,,,,
,,,,,,,,,,,,,,,,,,
,,,,,,,,,,,,,,,,,,
,,,,,,,,,,,,,,,,,,
,,,,,,,,,,,,,,,,,,
,,,,,,,,,,,,,,,,,,
,,,,,,,,,,,,,,,,,,
,,,,,,,,,,,,,,,,,,
,,,,,,,,,,,,,,,,,,
,,,,,,,,,,,,,,,,,,
,,,,,,,,,,,,,,,,,,
,,,,,,,,,,,,,,,,,,
,,,,,,,,,,,,,,,,,,
,,,,,,,,,,,,,,,,,,
,,,,,,,,,,,,,,,,,,
,,,,,,,,,,,,,,,,,,
,,,,,,,,,,,,,,,,,,
,,,,,,,,,,,,,,,,,,
,,,,,,,,,,,,,,,,,,
,,,,,,,,,,,,,,,,,,
,,,,,,,,,,,,,,,,,,
,,,,,,,,,,,,,,,,,,
,,,,,,,,,,,,,,,,,,
,,,,,,,,,,,,,,,,,,
,,,,,,,,,,,,,,,,,,
,,,,,,,,,,,,,,,,,,
,,,,,,,,,,,,,,,,,,
,,,,,,,,,,,,,,,,,,
,,,,,,,,,,,,,,,,,,
,,,,,,,,,,,,,,,,,,
,,,,,,,,,,,,,,,,,,
,,,,,,,,,,,,,,,,,,
,,,,,,,,,,,,,,,,,,
,,,,,,,,,,,,,,,,,,
,,,,,,,,,,,,,,,,,,
,,,,,,,,,,,,,,,,,,
,,,,,,,,,,,,,,,,,,
,,,,,,,,,,,,,,,,,,
,,,,,,,,,,,,,,,,,,
,,,,,,,,,,,,,,,,,,
,,,,,,,,,,,,,,,,,,
,,,,,,,,,,,,,,,,,,
,,,,,,,,,,,,,,,,,,
,,,,,,,,,,,,,,,,,,
,,,,,,,,,,,,,,,,,,
,,,,,,,,,,,,,,,,,,
,,,,,,,,,,,,,,,,,,
,,,,,,,,,,,,,,,,,,
,,,,,,,,,,,,,,,,,,
,,,,,,,,,,,,,,,,,,
,,,,,,,,,,,,,,,,,,
,,,,,,,,,,,,,,,,,,
,,,,,,,,,,,,,,,,,,
,,,,,,,,,,,,,,,,,,
,,,,,,,,,,,,,,,,,,
,,,,,,,,,,,,,,,,,,
,,,,,,,,,,,,,,,,,,
,,,,,,,,,,,,,,,,,,
,,,,,,,,,,,,,,,,,,
,,,,,,,,,,,,,,,,,,
,,,,,,,,,,,,,,,,,,
,,,,,,,,,,,,,,,,,,
,,,,,,,,,,,,,,,,,,
,,,,,,,,,,,,,,,,,,
,,,,,,,,,,,,,,,,,,
,,,,,,,,,,,,,,,,,,
,,,,,,,,,,,,,,,,,,
,,,,,,,,,,,,,,,,,,
,,,,,,,,,,,,,,,,,,
,,,,,,,,,,,,,,,,,,
,,,,,,,,,,,,,,,,,,
,,,,,,,,,,,,,,,,,,
,,,,,,,,,,,,,,,,,,
,,,,,,,,,,,,,,,,,,
,,,,,,,,,,,,,,,,,,
,,,,,,,,,,,,,,,,,,
,,,,,,,,,,,,,,,,,,
,,,,,,,,,,,,,,,,,,
,,,,,,,,,,,,,,,,,,
,,,,,,,,,,,,,,,,,,
,,,,,,,,,,,,,,,,,,
,,,,,,,,,,,,,,,,,,
,,,,,,,,,,,,,,,,,,
,,,,,,,,,,,,,,,,,,
,,,,,,,,,,,,,,,,,,
,,,,,,,,,,,,,,,,,,
,,,,,,,,,,,,,,,,,,
,,,,,,,,,,,,,,,,,,
,,,,,,,,,,,,,,,,,,
,,,,,,,,,,,,,,,,,,
,,,,,,,,,,,,,,,,,,
,,,,,,,,,,,,,,,,,,
,,,,,,,,,,,,,,,,,,