Occup_Id,Name,Number,Dir,Street,Type,Suite,FPP,LIQ,HAZ,U116,UIUC
911533300005,Frasca International,906,E,Airport,RD,,,,,,
912104100001,Frasca Airport,1402,E,Airport,RD,,FPP,,704,,
UIUC000663,Willard Airport Hangar #2,,,Airport,RD,,,,,,CCU
UIUC000681,Willard Airport Hangar #3,,,Airport,RD,,,,,,CCU
UIUC000682,Willard Airport Hangar #5,,,Airport,RD,,,,,,CCU
UIUC000697,Willard Airport Field Vault,,,Airport,RD,,,,,,CCU
932121401018,Amber Pointe Apartments (1802),1802,E,Amber,LN,,,,,,
932121401032,Amber Pointe Apartments (1804),1804,E,Amber,LN,,,,,,
932121401032A,Amber Pointe Apartments (1806),1806,E,Amber,LN,,,,,,
932121401030,Amber Pointe Apartments (1808),1808,E,Amber,LN,,,,,,
932121401032I,Amber Pointe Apartments (1810),1810,E,Amber,LN,,,,,,
932121401032J,Amber Pointe Apartments (1812),1812,E,Amber,LN,,,,,,
932121401032K,Amber Pointe Apartments  (1814),1814,E,Amber,LN,,,,,,
932121401025A,Amber Pointe Apartments (1822),1822,E,Amber,LN,,,,,,
932121401025B,Amber Pointe Apartments (1824),1824,E,Amber,LN,,,,,,
932121401025D,Amber Pointe Apartments (1826),1826,E,Amber,LN,,,,,,
932121401029A,Amber Pointe Apartments (1828),1828,E,Amber,LN,,,,,,
932121401029B,Amber Pointe Apartments (1830),1830,E,Amber,LN,,,,,,
932121401031J,Amber Pointe Apartments (1834),1834,E,Amber,LN,,,,,,
932121401031K,Amber Pointe Apartments (1836),1836,E,Amber,LN,,,,,,
932121401025E,Amber Pointe Apartments (1902),1902,E,Amber,LN,,,,,,
932121401025F,Amber Pointe Apartments (1904),1904,E,Amber,LN,,,,,,
932121401025G,Amber Pointe Apartments (1906),1906,E,Amber,LN,,,,,,
932121401024H,Amber Pointe Apartments (1908),1908,E,Amber,LN,,,,,,
932121401024I,Amber Pointe Apartments (1910),1910,E,Amber,LN,,,,,,
932121401024B,Amber Pointe Apartments (1912),1912,E,Amber,LN,,,,,,
932121401025H,Amber Pointe Apartments (1914),1914,E,Amber,LN,,,,,,
932121401025I,Amber Pointe Apartments (1916),1916,E,Amber,LN,,,,,,
93221401025HJ,Amber Pointe Apartments (1918),1918,E,Amber,LN,,,,,,
932121401025J,Amber Pointe Apartments (1920),1920,E,Amber,LN,,,,,,
932121401025L,Amber Pointe Apartments (1921),1921,E,Amber,LN,,,,,,
932121401025K,Amber Pointe Apartments (1922),1922,E,Amber,LN,,,,,,
932121401025M,Amber Pointe Apartments (1924),1924,E,Amber,LN,,,,,,
932121401024C,Amber Pointe Apartments (2004),2004,E,Amber,LN,,,,,,
932121401024D,Amber Pointe Apartments (2006),2006,E,Amber,LN,,,,,,
932121401024E,Amber Pointe Apartments (2008),2008,E,Amber,LN,,,,,,
932121401025,Amber Pointe Apartments (2010),2010,E,Amber,LN,,,,,,
932121401025C,Amber Pointe Apartments (2012),2012,E,Amber,LN,,,,,,
932121401025X,Amber Pointe Apartments (2014),2014,E,Amber,LN,,,,,,
932121401024F,Amber Pointe Apartments (2016),2016,E,Amber,LN,,,,,,
932121401024G,Amber Pointe Apartments (2018),2018,E,Amber,LN,,,,,,
932121401024P,Amber Pointe Apartments (2020),2020,E,Amber,LN,,,,,,
932121401024S,Amber Pointe Apartments (2022),2022,E,Amber,LN,,,,,,
912105276007,Gulliford Services (out of business),302,E,Anthony,DR,,,,,,
912105276008,Vacant (FPP),304,E,Anthony,DR,,FPP,,,,
UIUC000381,Irwin Academic Service Center,402,E,Armory,AVE,,,,,,CNU
UIUC000218,School of Labor & Employment Relations,504,E,Armory,AVE,,,,,,CNU
922116200005B,Champaign County Highway Dept/Salt,301,,Art Bartell,RD,,,,,,
912108205007,Potter Electric Service Inc,1211,N,Berkley,AVE,,,,,,
932128225001,Stevie Jay Broadcasting,2702,,Boulder,,,,,,,
932128225007A,Edward Jones,2704,,Boulder,,A,,,,,
932128225007B,Blueprint,2704,,Boulder,,B,,,,,
932128225007C,State Farm Insurance,2704,,Boulder,,C,,,,,
932128225007D,Facer Law Office,2704,,Boulder,,D,,,,,
932128225003,American Oil Chemists Society,2710,,Boulder,,,,,,,
932121177015,Campus Property Management,1302,E,Brighton,DR,,,,,,
932117453055,Delmont Village,1505,S,Broadway,AVE,,,,,,
912108458005,Beads & Botanicals,117,N,Broadway,,,,,,,
912108461002,"Middleton,Craver & Keller",210,N,Broadway,,,,,,,
912108457020,VACANT fka Recovery Option/ACES,217,N,Broadway,,,,,,,
912108460003A,C-U Adventures,302,N,Broadway,,101,FPP,,,,
912108460003B,Habitat for Humanity,302,N,Broadway,,102,,,,,
912108201003,Urbana Park District Maintenance Office,901,N,Broadway,,,,,704,,
912108257002,University Park Apartments,908,N,Broadway,,,,,,,
912108254002,Washington School (Vacant),1102,N,Broadway,,,,,,,
912108254001,"Urbana, School Dist #116 Playground area",1116,N,Broadway,,,,,,,
912108201003B,Family Aquatic Center,1401,N,Broadway,,,FPP,,,,
912108201003A,Urbana Park District Anita Purves Nature,1505,N,Broadway,,,,,,,
912107205007-7,Hamilton on the Park Club House,1201,N,Brookstone,CT,,,,,,
912107205007-1,Hamilton on the Park (Bldg 1),1206,N,Brookstone,CT,,,,,,
912107205007-6,Hamilton on the Park (Bldg 6),1301,N,Brookstone,CT,,,,,,
912107205007-2,Hamilton on the Park (Bldg 2),1302,N,Brookstone,CT,,,,,,
912107205007-4,Hamilton on the Park  (Bldg 4),1305,N,Brookstone,CT,,,,,,
912107205007-3,Hamilton on the Park (Bldg 3),1306,N,Brookstone,CT,,,,,,
922117101005,Campus Property Management,105,N,Busey,AVE,,,,,,
912108307001,Carle Foundation (Subway Storage),505,N,Busey,AVE,,,,,,
922117102021,Weiner Companies,109,S,Busey,AVE,,,,,,
922117102016,"Lozar, Charles & Virgina",111,S,Busey,AVE,,,,,,
922117102017,"Lozar, Charles & Virgina",201,S,Busey,AVE,,,,,,
922117107017,Carriage Way Apartments,302,S,Busey,AVE,,,,,,
922117103019,Busey Court Apartments,303,S,Busey,AVE,,,,,,
922117152013,Europa Lofts,603,S,Busey,AVE,,,,,,
922117154012,Peter Herbert,807,S,Busey,AVE,,,,,,
922117154013,Peter Herbert,809,S,Busey,AVE,,,,,,
932117306004,Footprint Leasing,1008,S,Busey,AVE,,,,,,
932117351004,1301 Busey LLC,1301,S,Busey,AVE,,,,,,
912109404001,SJ Smith Welding Supply,1212,E,Butzow,DR,,FPP,,704,,
912109402012,Peter B's Storage,1304,E,Butzow,DR,,,,,,
912109402013,Security Door and Hardware,1402,E,Butzow,DR,,FPP,,,,
912109402004,Iron Workers Local 380,1602,E,Butzow,DR,,FPP,,,,
922117179006,"Urbana, School Dist #116",401,W,California,AVE,,,,,,
922117179005,"Urbana, School District",403,W,California,AVE,,,,,,
922117179004,"Urbana, School Dist #116",405,W,California,AVE,,,,,,
922117177006,Klatt Properties,501,W,California,AVE,,,,,,
922117155014,McClintock Properties,704,W,California,AVE,,,,,,
922117151005,Melissa Brashear,808,W,California,AVE,,,,,,
912106401007,Fasteners Etc,1304,W,Cardinal,CT,,,,,,
912106401008,Bimbo Bakeries USA,1311,W,Cardinal,CT,,,,,,
912106401006,Illinois American Water,1406,W,Cardinal,CT,,FPP,,,,
UIUC000730,U Of I % Joe Miller,,S,Carle,AVE,,,,,,URU
912108380007,Canaan Baptist,213,N,Central,AVE,,,,,,
912108380017,Carle Buildings and Grounds,402,N,Central,AVE,,,,,,
UIUC000262,510 E Chalmers,510,E,Chalmers,ST,,,,,,CNU
UIUC000235,512 E Chalmers,512,E,Chalmers,ST,,,,,,CNU
912108306005,Carle Tower HVI,701,W,Church,ST,,FPP,,704,,
912108357002,Carle Storage,710,W,Clark,ST,,,,,,
912108352009,Advantage Property CU,808,W,Clark,ST,,,,,,
912107480015,Smith Apartments,1010,W,Clark,ST,,,,,,
912108359005,Kennedy Wilson Inc,209,N,Coler,AVE,,,,,,
912108307005,Carle Energy Building,503,N,Coler,AVE,,FPP,,,,
922117105005,Baraka Properties,101,S,Coler,AVE,,,,,,
922117110001,Bankier Apartments,106,S,Coler,AVE,,,,,,
922117157007,"Schrenk, Loren C (Brown House)",703,S,Coler,AVE,,,,,,
922117161011,Montevideo Bldg Corp,706,S,Coler,AVE,,,,,,
922117158000,Vanpatwood Condo's,801,S,Coler,AVE,,,,,,
922117158017,Vanpatwood Condo's,803,S,Coler,AVE,,,,,,
UIUC008259,Elec. Substation - Southeast Campus,1102,,College,CT,,,,,,URU
932121152040,Platinum Group,703,E,Colorado,AVE,,,,,,
932121152041B,Platinum Group,903,E,Colorado,AVE,,,,,,
932121152041C,Platinum Group,905,E,Colorado,AVE,,,,,,
932121152041D,Platinum Group,1001,E,Colorado,AVE,,,,,,
932121152041E,Platinum Group,1003,E,Colorado,AVE,,,,,,
932121126033,Green Street Realty,1102,E,Colorado,AVE,,,,,,
932121200041A,Stone Ridge Square Apartments,1702,E,Colorado,AVE,,,,,,
932121200041D,Stone Ridge Square Apartments,1708,E,Colorado,AVE,,,,,,
932121200041E,Stone Ridge Square Apartments,1710,E,Colorado,AVE,,,,,,
932121200041F,Stone Ridge Square Apartments,1712,E,Colorado,AVE,,,,,,
932121200041K,Stone Ridge Square Apartments,1716,E,Colorado,AVE,,,,,,
932121200041G,Stone Ridge Square Apartments,1720,E,Colorado,AVE,,,,,,
932121200041N,Stone Ridge Square Apartments,1724,E,Colorado,AVE,,,,,,
932121200041H,Stone Ridge Square Apartments,1730,E,Colorado,AVE,,,,,,
932121200041O,Stone Ridge Square Apartments,1732,E,Colorado,AVE,,,,,,
932121200041Q,Stone Ridge Square Apartments,1736,E,Colorado,AVE,,,,,,
932121200041R,Stone Ridge Square Apartments,1738,E,Colorado,AVE,,,,,,
932121200041S,Stone Ridge Square Apartments,1740,E,Colorado,AVE,,,,,,
932121200041T,Stone Ridge Square Apartments,1742,E,Colorado,AVE,,,,,,
922116104037,Fairfield Automotive,211,S,Cottage,AVE,,FPP,,,,
912108427011A,Boost Mobile,510,N,Cunningham,AVE,1,,,,,
912108427011B,Ashar African Market,510,N,Cunningham,AVE,2,FPP,,,,
912108427011C,La Mixteca Restaurant,510,N,Cunningham,AVE,3,FPP,,,,
912108427011D,Cookies By Design,510,N,Cunningham,AVE,5,,,,,
912108427011AB,El Progreso,510,N,Cunningham,AVE,6,FPP,,,,
912108427011AE,Fashion & More,510,N,Cunningham,AVE,10,,,,,
912108427011M,TruckHouse T's,510,N,Cunningham,AVE,11,,,,,
912108427011J,Ruby's IV,510,N,Cunningham,AVE,12,FPP,LIQ,,,
912108427011K,LL Sushi,510,N,Cunningham,AVE,13,FPP,,,,
912108427011L,El Oasis,510,N,Cunningham,AVE,14,FPP,,,,
912108427011,Five Points Commercial Center,510,N,Cunningham,AVE,,,,,,
912108426004A,Tin Roof Tavern,604,N,Cunningham,AVE,B,FPP,LIQ,,,
912108426002,BBA Auto Sales,610,N,Cunningham,AVE,,FPP,,,,
912108280019,Cunningham Motor Sales,901,N,Cunningham,AVE,,,,,,
912108279001,Crispin Auto Sales,1010,N,Cunningham,AVE,,,,,,
912109151010,Bangkok Thai,1104,N,Cunningham,AVE,,FPP,LIQ,,,
912109103001,Beaumont Small Animal Clinic,1304,N,Cunningham,AVE,,,,,,
9121109103022G,Lucky Luke's,1504,N,Cunningham,AVE,,FPP,LIQ,,,
912109103022ICA,Dollar General,1506,N,Cunningham,AVE,,FPP,,,,
912109103022IC,Vacant f/k/a VIP Banquet Hall,1506,N,Cunningham,AVE,,,,,,
912109103020,Kiser Birch Realty,1508,N,Cunningham,AVE,,,,,,
912109103020A,Armored Gopher Games,1508,N,Cunningham,AVE,,,,,,
912109103020B,Harbor Freight Tools #290,1508,N,Cunningham,AVE,,FPP,,,,
912109103019,Central Illinois Bank,1514,N,Cunningham,AVE,,,,,,
912104352012,Granite City,1804,N,Cunningham,AVE,,,,,,
912104301000,Eastland Suites,1907,N,Cunningham,AVE,,FPP,LIQ,,,
UIUC000958,Grein farm barn,600,E,Curtis,RD,,,,,,CCU
UIUC000985,Grein farm barn,600,E,Curtis,RD,,,,,,CCU
UIUC000987,Grein farm storage shed,600,E,Curtis,RD,,,,,,CCU
UIUC000988,Grein farm storage shed,600,E,Curtis,RD,,,,,,CCU
UIUC000989,Grein farm E.E. storage shed,600,E,Curtis,RD,,,,,,CCU
UIUC000031,Dynamics Test Lab,609,E,Curtis,RD,,,,,,CCU
UIUC001068,Police Training Institute - Pavillion,609.5,E,Curtis,RD,,,,,,URU
UIUC001069,Police Training Institute - Range 1,609.5,E,Curtis,RD,,,,,,URU
UIUC001070,Police Training Institute - Range 2,609.5,E,Curtis,RD,,,,,,URU
UIUC000277,Police Training Institute - Tactical,609.5,E,Curtis,RD,,,,,,CCU
UIUC001115,513 W. Curtis Road,513,,Curtis,RD,,,,,,URU
UIUC000960,Geophysical observatory house of grein,,,Curtis,RD,,,,,,URU
UIUC008285,Natural Gas and Meter Station,,,Curtis,RD,,,,,,URU
UIUC000331,Library and Information Science Building,501,E,Daniel,ST,,,,,,CNU
UIUC000362,International Student Affairs,510,E,Daniel,ST,,,,,,CNU
932117453019,Delmont Village,1501,S,Delmont,CT,,,,,,
932117453037,Delmont Village,1502,S,Delmont,CT,,,,,,
932117453102,Delmont Village,1505,S,Delmont,CT,,,,,,
932117453111,Delmont Court Village Main Office,1506,S,Delmont,CT,,,,,,
932117453132,Delmont Village,1509,S,Delmont,CT,,,,,,
932117453049,Delmont Village,1510,S,Delmont,CT,,,,,,
UIUC000557,Parking Structure - Gregory and Dorner,1001,S,Dorner,DR,,,,,,URU
UIUC000194,USDA Nematolgy Greenhouse,1105,S,Dorner,DR,,,,,,URU
UIUC008250,Dorner Drive Retention Basin,1110,S,Dorner,DR,,,,,,URU
UIUC000256,Plant Science Lab,1201,S,Dorner,DR,,,,,,URU
912107252011,Dublin Street Church of Christ,1402,W,Dublin,ST,,FPP,,,,
912107253013,Greater Holy Temple Church Annex,1405,W,Dublin,ST,,FPP,,,,
912107253013A,Greater Holy Temple Church,1409,W,Dublin,ST,,FPP,,,,
912107278019,"Urbana, School Dist 116",906,W,Eads,ST,,,,,,
912107278011,"Urbana, School District 1",914,W,Eads,ST,,,,,,
912107205034,Morning Star Free Will Baptist,1402,W,Eads,ST,,FPP,,,,
922117232006,Martha Gillette,606,E,Elm,ST,,,,,,
922117135013,"Ebbert, Chad",304,W,Elm,ST,,,,,,
922117136004,Sheri & Kip Doyle,305,W,Elm,ST,,,,,,
922117132001,Klatt Properties,409,W,Elm,ST,,,,,,
922117110023,Campus Property Management,502,W,Elm,ST,,,,,,
922117110022,Campus Property Management,504,W,Elm,ST,,,,,,
922117110021,Campus Property Management,506,W,Elm,ST,,,,,,
922117110025,Urban Development Group,508,W,Elm,ST,,,,,,
922117110004,Hunsinger Enterprises,608,W,Elm,ST,,,,,,
922117110003,Hunsinger Enterprises,610,W,Elm,ST,,,,,,
922117106007,Hunsinger Enterprises,701,W,Elm,ST,,,,,,
922117106005,Hunsinger Enterprises,705,W,Elm,ST,,,,,,
922117106004,"Chambers, Robert S",707,W,Elm,ST,,,,,,
922117105016,"Lozar, Charles C",712,W,Elm,ST,,,,,,
UIUC000080,Weston hall,1209,,Euclid,ST,,,,,,CNU
912107428007,Olympic Construction,907,W,Fairview,AVE,,,,,,
912107280005,King Elementary School,1108,W,Fairview,AVE,,,,,U116,
912106401009,Sagamore Publishing,1807,N,Federal,DR,,,,,,
UIUC000097,"C-7 Parking structure, student staff",812,S,Fifth,ST,,,,,,CNU
UIUC000291,Sherman Hall,909,S,Fifth,ST,,,,,,CNU
UIUC000369,International Studies,910,S,Fifth,ST,,,,,,CNU
UIUC000250,912 S Fifth,912,S,Fifth,ST,,,,,,CNU
UIUC000084,Hopkins Hall,1208,S,First,ST,,,,,,CNU
UIUC001266,Bousfield Residence Hall,1214,S,First,ST,,,,,,CNU
UIUC000282,State Regional Office Building,2125,S,First,ST,,,,,,CNU
UIUC000280,"Credit Union Building, Uof I Employees",2201,S,First,ST,,,,,,CNU
UIUC000569,2321 S. First,2321,S,First,ST,,,,,,CNU
UIUC000122,Radio transmitter station,2520,S,First,ST,,,,,,CCU
UIUC001046,Cruse farm large barn,2921,S,First,ST,,,,,,CCU
UIUC001047,Cruse farm masonry garage,2921,S,First,ST,,,,,,CCU
UIUC001463,Crop Sciences Research Laboratory,4202,S,First,ST,,,,,,URU
UIUC000803,Pig nursery north,,S,First,ST,,,,,,CNU
UIUC000804,"Animal husbandry swine barns ,hedden",,S,First,ST,,,,,,CNU
UIUC000805,Animal husbandry poultry barn,,S,First,ST,,,,,,CNU
UIUC000806,Farrowing building-swine research center,,S,First,ST,,,,,,CNU
UIUC000807,Sow feeding building-swine research bg,,S,First,ST,,,,,,CNU
UIUC000808,Feed and vitamin mixing barn,,S,First,ST,,,,,,CNU
UIUC000813,Pig nursery south,,S,First,ST,,,,,,CNU
UIUC000814,Swine barn,,S,First,ST,,,,,,CNU
UIUC000817,Swine research center,,S,First,ST,,,,,,CNU
UIUC000825,Swine Research Center Nursery,,S,First,ST,,,,,,CNU
UIUC000827,Swine finishing facility-swine research,,S,First,ST,,,,,,CNU
UIUC001011,Vet research farm cattle confinement,,S,First,ST,,,,,,CNU
UIUC001012,Vet research hay barn,,S,First,ST,,,,,,CNU
UIUC001029,Swine research center generator bld,,S,First,ST,,,,,,CNU
UIUC001030,Swine research center headquarters bldg,,S,First,ST,,,,,,CNU
UIUC001031,Swine research center feed center,,S,First,ST,,,,,,CNU
UIUC001032,Swine research center isolation bldg,,S,First,ST,,,,,,CNU
UIUC001033,Swine research center nursey,,S,First,ST,,,,,,CNU
UIUC001034,Swine research center growing building 1,,S,First,ST,,,,,,CNU
UIUC001035,Swine research center growing builder 2,,S,First,ST,,,,,,CNU
UIUC001036,Swine research center finishing bld 1,,S,First,ST,,,,,,CNU
932121101001,Trinity Lutheran Church,701,E,Florida,AVE,,FPP,,,,
932121126002,Parkside Apartments,1107,E,Florida,AVE,,,,,,
932121126002A,Parkside Apartments,1201,E,Florida,AVE,,,,,,
932121126002B,Parkside Apartments,1203,E,Florida,AVE,,,,,,
932112126002D,Parkside Apartments,1207,E,Florida,AVE,,,,,,
932121126002E,Parkside Apartments,1209,E,Florida,AVE,,,,,,
932121126039B,Alternate Vapor Company,1307,E,Florida,AVE,B,,,,,
932121126039,Papa John's #3603,1307,E,Florida,AVE,C,FPP,,,,
932121126029,Bradley Learning Center,1311,E,Florida,AVE,,FPP,,,,
932121126032HH,Pace Inc,1317,E,Florida,AVE,,,,,,
932121201014,Tennyson Courtyard,1701,E,Florida,AVE,,,,,,
932121201014A,Tennyson Courtyard,1703,E,Florida,AVE,,,,,,
932121201014B,Tennyson Courtyard,1705,E,Florida,AVE,,,,,,
932121201014C,Tennyson Courtyard,1707,E,Florida,AVE,,,,,,
932121201014D,Tennyson Courtyard,1709,E,Florida,AVE,,,,,,
932121201014E,Tennyson Courtyard,1711,E,Florida,AVE,,,,,,
932121201014F,Tennyson Courtyard,1713,E,Florida,AVE,,,,,,
932121201014G,Tennyson Courtyard,1715,E,Florida,AVE,,,,,,
932121201014I,Tennyson Courtyard,1719,E,Florida,AVE,,,,,,
932121201014J,Tennyson Courtyard,1721,E,Florida,AVE,,,,,,
932121201014K,Tennyson Courtyard,1723,E,Florida,AVE,,,,,,
932121200013,Urbana School Dist #116,1801,E,Florida,AVE,,,,,,
932121201013D,CTC Properties The Pointe at U of I,1505/07,E,Florida,AVE,,,,,,
932121201013A,CTC Properties The Pointe at U of I,1509/11,E,Florida,AVE,,,,,,
932121201013B,CTC Properties The Pointe at U of I,1513/15,E,Florida,AVE,,,,,,
932121201013C,CTC Properties The Pointe at U of I,1517/19,E,Florida,AVE,,,,,,
932121201013E,CTC Properties The Pointe at U of I,1603/05,E,Florida,AVE,,,,,,
932121201013F,CTC Properties The Pointe at U of I,1607/09,E,Florida,AVE,,,,,,
932121201013G,CTC Properties The Pointe at U of I,1611/13,E,Florida,AVE,,,,,,
932121201013H,CTC Properties The  Pointe at U of I,1615/17,E,Florida,AVE,,,,,,
932121201013I,CTC Properties The Pointe at U of I,1619/21,E,Florida,AVE,,,,,,
932121201013J,CTC Properties The Pointe at U of I,1623/25,E,Florida,AVE,,,,,,
932121201013K,CTC Properties The Pointe at U of I,1627/29,E,Florida,AVE,,,,,,
UIUC000100,Presidents house,711,W,Florida,AVE,,,,,,URU
UIUC000865,Plant Clinic,1200,W,Florida,AVE,,,,,,URU
UIUC000866,Swine finishing building a,1200,W,Florida,AVE,,,,,,URU
UIUC000867,Swine finishing building b,1200,W,Florida,AVE,,,,,,URU
UIUC000868,Cage layer house,1200,W,Florida,AVE,,,,,,URU
UIUC000871,Animal husbandry poultry breeding plant,1200,W,Florida,AVE,,,,,,URU
UIUC000873,Sheet metal poultry shed,1200,W,Florida,AVE,,,,,,URU
UIUC000876,Aluminum poultry shed,1200,W,Florida,AVE,,,,,,URU
UIUC000877,Poultry research laying facility,1200,W,Florida,AVE,,,,,,URU
UIUC000878,Horticulture field lab garage,1200,W,Florida,AVE,,,,,,URU
UIUC000879,Horticulture field lab food storage shed,1200,W,Florida,AVE,,,,,,URU
UIUC000880,Canine unit,1200,W,Florida,AVE,,,,,,URU
UIUC000560,Eichelberger Softball Field,1201,W,Florida,AVE,,,,,,URU
UIUC001270,Eichelberger Field Locker Room,1201,W,Florida,AVE,,,,,,URU
UIUC000864,Rabbit shelter,1220,W,Florida,AVE,,,,,,URU
UIUC000869,Brooding and rearing house,1220,W,Florida,AVE,,,,,,URU
UIUC000872,Dog metabolism unit,1220,W,Florida,AVE,,,,,,URU
UIUC000874,Animal husbandry poultry plant,,W,Florida,AVE,,,,,,URU
UIUC000358,C - Pollce Training Instiute,1004,S,Fourth,ST,,,,,,CNU
UIUC000532,Gregory Towers,1107,S,Fourth,ST,,,,,,CNU
UIUC000086,Lundgren hall,1201,S,Fourth,ST,,,,,,CNU
UIUC000087,Clark hall,1203,S,Fourth,ST,,,,,,CNU
UIUC000088,Barton hall,1205,S,Fourth,ST,,,,,,CNU
UIUC000089,Flagg hall,1207,S,Fourth,ST,,,,,,CNU
UIUC000090,Noble hall,1209,S,Fourth,ST,,,,,,CNU
UIUC000092,Taft Hall,1213,S,Fourth,ST,,,,,,CNU
UIUC000091,Van Doren Hall,1215,S,Fourth,ST,,,,,,CNU
UIUC000379,Biefeldt Athletic Administration,1700,S,Fourth,ST,,,,,,CNU
UIUC000257,Ubben Basketball Complex,1750,S,Fourth,ST,,,,,,CNU
UIUC000893,Animal science sup.residence and garage,2100,S,Fourth,ST,,,,,,CNU
UIUC000894,Moorman research farm -south barn,2100,S,Fourth,ST,,,,,,CNU
UIUC000895,Moorman research farm gate house,2100,S,Fourth,ST,,,,,,CNU
UIUC000896,Moorman research farm nc-23,2100,S,Fourth,ST,,,,,,CNU
UIUC000897,Moorman research farm -boar barn,2100,S,Fourth,ST,,,,,,CNU
UIUC000898,Moorman research farm-sow barn,2100,S,Fourth,ST,,,,,,CNU
UIUC000899,Moorman research farm-physiology barn2,2100,S,Fourth,ST,,,,,,CNU
UIUC000900,Moorman resaerch farm physiology barn 1,2100,S,Fourth,ST,,,,,,CNU
UIUC000901,Mormon research farm1a,2100,S,Fourth,ST,,,,,,CNU
UIUC000902,Moorman research farm-2a,2100,S,Fourth,ST,,,,,,CNU
UIUC000903,Moorman research farm3a-4a,2100,S,Fourth,ST,,,,,,CNU
UIUC000904,Moorman research farm 5a,2100,S,Fourth,ST,,,,,,CNU
UIUC000905,Moorman research farm-farrowing house,2100,S,Fourth,ST,,,,,,CNU
UIUC000906,Moorman research farms1b,2100,S,Fourth,ST,,,,,,CNU
UIUC000907,Moorman research farm-2b,2100,S,Fourth,ST,,,,,,CNU
UIUC000908,Morrman research farm 3b,2100,S,Fourth,ST,,,,,,CNU
UIUC000909,Moorman research farm4b,2100,S,Fourth,ST,,,,,,CNU
UIUC000910,Moorman research farm5b,2100,S,Fourth,ST,,,,,,CNU
UIUC000911,Moorman research farm oxidation ditch bd,2100,S,Fourth,ST,,,,,,CNU
UIUC000912,Imported swine research laboratory,2100,S,Fourth,ST,,,,,,CNU
UIUC000913,Moorman research farm 1c,2100,S,Fourth,ST,,,,,,CNU
UIUC000914,Moorman research farm-2c-3c,2100,S,Fourth,ST,,,,,,CNU
UIUC000915,Moorman research farm 4c,2100,S,Fourth,ST,,,,,,CNU
UIUC000916,Moorman research farm-1d,2100,S,Fourth,ST,,,,,,CNU
UIUC000917,Moorman research farm-2d,2100,S,Fourth,ST,,,,,,CNU
UIUC000918,Moorman research farm3d,2100,S,Fourth,ST,,,,,,CNU
UIUC000943,Intensive care nursey,,S,Fourth,ST,,,,,,CNU
UIUC000995,Confinement beef cow barn,,S,Fourth,ST,,,,,,CNU
UIUC000347,Motorcycle safety office,4,,Gerty,DR,,,,,,CNU
UIUC000302,Driver Training Site Storage Bldg.,6,,Gerty,DR,,,,,,CNU
UIUC000283,Driver Training Facility,8,,Gerty,DR,,,,,,CNU
UIUC000290,IFSI - Fire Station,9,,Gerty,DR,,,,,,CNU
UIUC000294,IFSI - Classrooms and Offices,11,,Gerty,DR,,,,,,CNU
UIUC000281,Admin Information Technology Building,50,,Gerty,DR,,,,,,CNU
UIUC001166,Motorcycle Storage,,,Gerty,DR,,,,,,CNU
922116178011,Central Illinois Produce Storage,410,S,Glover,AVE,,,,,,
922116181003,JMK Computers,703,S,Glover,AVE,,,,,,
922116181004,Rent Champaign,705,S,Glover,AVE,,,,,,
912107412001,Barber & DeAtley,611,N,Goodwin,AVE,,FPP,,,,
912107426001,"Urbana, School Dist #116",810,N,Goodwin,AVE,,,,,,
932118277001,The Bread Company,706,S,Goodwin,AVE,,FPP,LIQ,,,
932118277002,Canopy Club,708,S,Goodwin,AVE,,FPP,LIQ,,,
932118277009A,Vacant,710,S,Goodwin,AVE,3,,,,,
9321182770024,Timpone's Ristorante,710,S,Goodwin,AVE,,FPP,LIQ,,,
UIUC008284,DC-11 Vet. Med. Elec. Dist. Center,2004,S,Goodwin,AVE,,,,,,URU
UIUC000095,Superconductivity Center,100,S,Goodwin,AVE,,,,,,URU
UIUC000182,Nuclear Reactor Lab,102,S,Goodwin,AVE,,,,,,URU
UIUC000117,Nuclear Engineering Lab,103,S,Goodwin,AVE,,,,,,URU
UIUC000066,Seitz Materials Research Lab,104,S,Goodwin,AVE,,,,,,URU
UIUC000048,Nuclear Radiation Lab,201,S,Goodwin,AVE,,,,,,URU
UIUC000245,Aviation Ground School,205,S,Goodwin,AVE,,,,,,URU
UIUC000155,Volatile Chemical Storage Building,505,S,Goodwin,AVE,,,,,,URU
UIUC000242,Morrill Hall,505,S,Goodwin,AVE,,,,,,URU
UIUC000070,Chemical and Life Sciences Lab,601,S,Goodwin,AVE,,,,,,URU
UIUC000158,Bevier Hall,905,S,Goodwin,AVE,,,,,,URU
UIUC000377,"ACES Library, Info and Alum Cntr",1101,S,Goodwin,AVE,,,,,,URU
UIUC000002,Art East Annex Studio 2,1301,S,Goodwin,AVE,,,,,,URU
UIUC000183,Wood Engineering,1305,S,Goodwin,AVE,,,,,,URU
UIUC000855,Dairy experimental round barns,1900,S,Goodwin,AVE,,,,,,URU
UIUC000856,Dairy experimental round barns,1900,S,Goodwin,AVE,,,,,,URU
UIUC000857,Dairy Round Barn #3,1900,S,Goodwin,AVE,,,,,,URU
UIUC000858,Dairy experimental round barns - Office,1900,S,Goodwin,AVE,,,,,,URU
UIUC000859,Plant pathology shop and storage,1900,S,Goodwin,AVE,,,,,,URU
UIUC000860,New calf barn-round barns,1900,S,Goodwin,AVE,,,,,,URU
UIUC000861,Brick garage lab-round barns,1900,S,Goodwin,AVE,,,,,,URU
UIUC000863,Calf barn,1900,S,Goodwin,AVE,,,,,,URU
UIUC000341,Vet Med Feed Storage Building,2105,S,Goodwin,AVE,,,,,,URU
912108481006,Kirby & Turner Masonry Inc.,620,,Gravel,RD,,,,,,
922117141005,Bluebird Boutique,212,W,Green,ST,,,,,,
922117137005,"Bruno, Thomas",303,W,Green,ST,,,,,,
922117136011,Dobrovolny Law Office,306,W,Green,ST,,,,,,
922117136010,Kennedy Wilson Inc,308,W,Green,ST,,,,,,
922117136008,Sylvia's Irish Inn,312,W,Green,ST,,,,,,
922117132010,JSJ Property Management,410,W,Green,ST,,,,,,
922117133001,"Weisskopf, Jonah V.",411,W,Green,ST,,,,,,
922117128005,"Doyle, Kip",503,W,Green,ST,,,,,,
922117111011,First Presbyterian Church,602,W,Green,ST,,FPP,,,,
922117112004,Weiner Companies,603,W,Green,ST,,,,,,
922117111010,First Presbyterian Church,604,W,Green,ST,,,,,,
922117111009,Korean Church of Champaign,608,W,Green,ST,,FPP,,,,
922117112001,University Group,611,W,Green,ST,,,,,,
922117107008,Coler Crossing,701,W,Green,ST,,,,,,
922117106016,"Donato, Anthony",702,W,Green,ST,,,,,,
922117107006,"Combs, David",705,W,Green,ST,,,,,,
922117106010,Hunsinger Enterprises,712,W,Green,ST,,,,,,
922117102019,College City Apartments,802,W,Green,ST,,,,,,
922117103004,Campustown Rentals,803,W,Green,ST,,,,,,
922117102024,"Devine, Robert & Karen",806,W,Green,ST,,,,,,
UIUC000067,Loomis Lab,1110,W,Green,ST,,,,,,URU
UIUC000139,1202 W Green,1202,W,Green,ST,,,,,,URU
932118204003,Wesley United Methodist Church,1203,W,Green,ST,,FPP,,,,
UIUC000112,Mechanical Engineering Building,1206,W,Green,ST,,,,,,URU
UIUC000380,Campus Recreation Outdoor Center,51,E,Gregory,DR,,,,,,CNU
UIUC000154,Personnel Services Building,52,E,Gregory,DR,,,,,,CNU
UIUC000222,Printing and Photographic Services Bldg,54,E,Gregory,DR,,,,,,CNU
UIUC000085,Gregory drive food service,107,E,Gregory,DR,,,,,,CNU
UIUC000082,Garner hall,201,E,Gregory,DR,,,,,,CNU
UIUC001248,Timothy Nugent Hall,207,E,Gregory,DR,,,,,,CNU
UIUC001206,Business Instructional Facility,515,E,Gregory,DR,,,,,,CNU
UIUC000133,Natural Resources Garage,608,E,Gregory,DR,,,,,,CNU
UIUC000276,Library Air Conditioning Center,608,E,Gregory,DR,,,,,,CNU
UIUC000336,Madigan Lab,1201,W,Gregory,DR,,,,,,URU
UIUC000401,Animal science air conditioning center,1201,W,Gregory,DR,,,,,,URU
912107487001,Green Street Realty,106,N,Gregory,ST,,,,,,
UIUC000213,Enviromental Health and Safety,101,S,Gregory,ST,,,,,,URU
932118228020,Campus Property Management,106,S,Gregory,ST,,,,,,
932118228005,"Nogle, Charles",110,S,Gregory,ST,,,,,,
932118280010A,ASCEND,700,S,Gregory,ST,A,,,,,
932118280022B,No7 Salon and Spa,700,S,Gregory,ST,B,,,,,
932118280022C,Bab Plus Korean Restaurant,700,S,Gregory,ST,C,FPP,,,,
932118280022D,J Gumbo,700,S,Gregory,ST,D,FPP,,,,
932118277008E,FIRA Boutique,700,S,Gregory,ST,E,FPP,,,,
932118280022F,BBQ Premium Chicken,700,S,Gregory,ST,F,FPP,,,,
912118277022G,Dear 72,700,S,Gregory,ST,G,FPP,,,,
932118280022I,Caffe Bene,700,S,Gregory,ST,I,FPP,,,,
932118277008AA,Gregory East Apartments,700,S,Gregory,ST,,,,,,
932118280022,Gregory Place II,700,S,Gregory,ST,,,,,,
932118277008A,Illini Subway,701,S,Gregory,ST,A,FPP,,,,
932118277008B,Basil Thai,701,S,Gregory,ST,B,FPP,,,,
932118277008C,Merry Ann's Diner,701,S,Gregory,ST,C,FPP,,,,
932118277008D,Starbucks,701,S,Gregory,ST,D,FPP,,,,
932118277008H,Rosati's Pizza,701,S,Gregory,ST,H,FPP,,,,
932118277025,Gregory Place,701,S,Gregory,ST,,,,,,
932118277008F,KoFusion,701,SS,Gregory,ST,F,FPP,,,,
UIUC000314,Building Research Lab,1804,S,Griffith,DR,,,,,,CNU
UIUC000344,Building Research Laboratory,1806,S,Griffith,DR,,,,,,CNU
UIUC001048,Pesticides Storage and Mixing,1810,S,Griffith,DR,,,,,,CNU
UIUC000187,Entomology lab,1902,S,Griffith,DR,,,,,,CNU
UIUC000325,Natural History Survey Storage - 5,1902,S,Griffith,DR,,,,,,CNU
UIUC000305,Clay hydrology lab,1904,S,Griffith,DR,,,,,,CNU
UIUC000307,Biological Control Lab,1904,S,Griffith,DR,,,,,,CNU
UIUC000309,Natural History Survey Storage-4,1910,S,Griffith,DR,,,,,,CNU
UIUC000311,Natural  History Survey Storage-3,1910,S,Griffith,DR,,,,,,CNU
UIUC000312,Natural History Survey Storage-2,1910,S,Griffith,DR,,,,,,CNU
UIUC000313,Natural History Survey Storage-1,1910,S,Griffith,DR,,,,,,CNU
UIUC000315,Shop and Equipment Building,1910,S,Griffith,DR,,,,,,CNU
UIUC000321,Natural Resources Studies Annex,1910,S,Griffith,DR,,,,,,CNU
UIUC001026,Water survey warehouse,2098,S,Griffith,DR,,,,,,CNU
UIUC000370,South Studio 5 (Graduare Photography),2108,S,Griffith,DR,,,,,,CNU
UIUC000375,South Studio 6 (Graduate Painting Fac),2109,S,Griffith,DR,,,,,,CNU
UIUC000366,Ceramics Facility (South Studio 4),2110,S,Griffith,DR,,,,,,CNU
UIUC000371,South Studio 7 (General Arts Building),2111,S,Griffith,DR,,,,,,CNU
UIUC000338,Glass Sculpture Bldg. (South Studio 3),2116,S,Griffith,DR,,,,,,CNU
UIUC001020,Electrical engineering storage building,2121,S,Griffith,DR,,,,,,CNU
UIUC000327,Sculpture Building (South Studio 2),2122,S,Griffith,DR,,,,,,CNU
UIUC000330,Anthropology Storage Building,2127,S,Griffith,DR,,,,,,CNU
UIUC000328,Art Studio (South Studio 1),2128,S,Griffith,DR,,,,,,CNU
UIUC000289,Water Survey Research Center BDLG # 2,2204,S,Griffith,DR,,,,,,CNU
UIUC001104,Water Survey Research Center Bdlg #1,2204,S,Griffith,DR,,,,,,CNU
UIUC001105,Water Survey Research Center Bldg #10,2204,S,Griffith,DR,,,,,,CNU
UIUC001106,Water Survey Research Center BLDG #3,2204,S,Griffith,DR,,,,,,CNU
UIUC001107,Water Survey Research Center BDLG #4,2204,S,Griffith,DR,,,,,,CNU
UIUC001108,Water Survey Research Center BLDG #5,2204,S,Griffith,DR,,,,,,CNU
UIUC001109,Water Survey Research Center Bldg #6,2204,S,Griffith,DR,,,,,,CNU
UIUC001110,Water Survey Research Center Bldg # 7,2204,S,Griffith,DR,,,,,,CNU
UIUC001111,Water Survey Research Center Bldg # 8,2204,S,Griffith,DR,,,,,,CNU
UIUC001112,Water Survey Research Center Bldg #9,2204,S,Griffith,DR,,,,,,CNU
912108384001,Capstone 1,209,W,Griggs,ST,,,,,,
912108377007,Green Street Realty,508,W,Griggs,ST,,,,,,
922117236001,George Klatt,202,S,Grove,ST,,,,,,
932121177007,Campus Property Management,1301,E,Harding,DR,,,,,,
922116129023,Hartle St. Group Home,106,S,Hartle,AVE,,,,,,
912107277002,Peter Pan Daycare,1108,N,Harvey,ST,,,,,,
UIUC001095,Enterprise Works at Illinois,60,E,Hazelwood,DR,,,,,,CNU
UIUC000322,Aquatic Research Field Lab,51,SW,Hazelwood,DR,,,,,,CNU
UIUC000020,Physiology research laboratory,301,W,Hazelwood,DR,,,,,,URU
UIUC001028,Illini Union Warehouse,500,W,Hazelwood,DR,,,,,,URU
UIUC000287,Vet Med Surgery and Obstertrics,1008,W,Hazelwood,DR,,,,,,URU
UIUC000837,Pesticide storage building,1200,W,Hazelwood,DR,,,,,,URU
UIUC000824,Agronomy south farms lab,,W,Hazelwood,DR,,,,,,URU
UIUC001045,Wildlife building,,W,Hazelwood,DR,,,,,,CNU
UIUC000167,Colonel Wolfe School,403,E,Healey,ST,,,,,,CNU
UIUC000196,Optical Physics and Engineering,607,E,Healey,ST,,,,,,CNU
UIUC000056,Shelford Vivarium,608,E,Healey,ST,,,,,,CNU
912109301002A,Urbana Park District Warehouse,705,N,Hickory,ST,,FPP,,,,
922116110003,"Grammer, Jacob",809,E,High,Ln,,,,,,
912114101002,Murphys Oil USA #7275,110,S,High,RD,,FPP,,704,,
932123300005,Birkey's Farm Store,2202,S,High,RD,,FPP,,704,,
922117133009,Joe Allan Properties,404,W,High,ST,,,,,,
922117113005,Klatt Properties,603,W,High,ST,,,,,,
922117108006,"CMT, Inc.",705,W,High,ST,,,,,,
912107407003,Crisis Nursery,1309,W,Hill,ST,,,,,,
912107402003,Nogle & Black Aviation Storage,1401,W,Hill,ST,,,,,,
912107401014,New Birth Baptist Church,1402,W,Hill,ST,,FPP,,,,
912107402002,Nogle & Black Aviation Warehouse,1403,W,Hill,ST,,,,,,
912107402001,Covenant Storage,1407,W,Hill,ST,,,,,,
922116155002,Apostolic Christian Truth Sanctuary,1003,E,Illinois,ST,,FPP,,,,
922117155003,"Schimmel, Robert",711,W,Illinois,ST,,,,,,
922117108003,P & P Properties,712,W,Illinois,ST,,,,,,
922117155001,"Kazemi, Abbas A.",713,W,Illinois,ST,,,,,,
922117103018,"Butts, Lawrence",802,W,Illinois,ST,,,,,,
922117103013,Campus Property Management,804,W,Illinois,ST,,,,,,
922117151009A,Wampler Property Management,807,W,Illinois,ST,,,,,,
UIUC000126,Levis Faculty Center,909,W,Illinois,ST,,,,,,URU
UIUC000285,Center for Advanced Studies,912,W,Illinois,ST,,,,,,URU
UIUC000180,Student-Staff A/C Center,1106,W,Illinois,ST,,,,,,URU
UIUC000332,Erlanger House,303,W,Indiana,AVE,,,,,,
UIUC000332,Erlanger House,303,W,Indiana,AVE,,,,,,URC
932117401022,"Urbana, School Dist #116",102,W,Iowa,ST,,,,,,
932117401020,"Urbana, School District 1",106,W,Iowa,ST,,,,,,
932117401019,"Urbana, School District",108,W,Iowa,ST,,,,,,
932117401014,"Urbana, School District",118,W,Iowa,ST,,,,,,
932117302007,UI Elite Holdings,801,W,Iowa,ST,,,,,,
922116456028,Thomas Paine School,1801,E,James Cherry,DR,,,,,U116,
UIUC000335,Beckwith Living Center,201,E,John,ST,,,,,,CNU
UIUC000355,Tower on Third (leased),302,E,John,ST,,,,,,CNU
UIUC000193,Swanlund Administration Building,601,E,John,ST,,,,,,CNU
UIUC000188,Fred Turner Student Services Building,610,E,John,ST,,,,,,CNU
912106402008,HAL Communications,1201,W,Kenyon,RD,,,,,,
912109103008B,Town & Country Apartments,802,E,Kerr,AVE,,,,,,
912109103008F,Town & Country Apartments,806,E,Kerr,AVE,,,,,,
912109103008I,Town & Country Apartments,810,E,Kerr,AVE,,,,,,
912109103008N,Town & Country Apartments,816,E,Kerr,AVE,,,,,,
912109103008R,Town & Country Apartments,820,E,Kerr,AVE,,,,,,
912109103008V,Town & Country Apartments,824,E,Kerr,AVE,,,,,,
912109103010A,Town & Country Apartments,1004,E,Kerr,AVE,,,,,,
912109103010B,Town & Country Apartments,1006,E,Kerr,AVE,,,,,,
912109103009I,Town & Country Apartments,1014,E,Kerr,AVE,,,,,,
912109103009A,Town & Country Apartments,1022,E,Kerr,AVE,,,,,,
912109103009B,Town & Country Apartments,1024,E,Kerr,AVE,,,,,,
912105352001,A & R Mechanical,711,W,Kettering,DR,,FPP,,704,,
912105302007,CV Lloyde,702,W,Killarney,ST,,,,,,
912105302007A,Kone Elevator Company,704,W,Killarney,ST,,,,,,
912105302007B,Illini Crossfit,706,W,Killarney,ST,,,,,,
912105302007C,Vacant f/k/a Systems Business Services,708,W,Killarney,ST,,,,,,
912105302007H,Rosecrance,718,W,Killarney,ST,,,,,,
912105302007I,The Product Manufactory,720,W,Killarney,ST,,,,,,
912105302007K,U of I Archeological Society,724,W,Killarney,ST,,,,,,
912107428021,"Family-Kmns, Company Llc",801,N,Lincoln,AVE,,,,,,
912107428023,Vacant fka Family Video,805,N,Lincoln,AVE,,,,,,
912107428019,Hanger Prosthetics & Orthotics,805,N,Lincoln,AVE,,,,,,
912107282021,Vacant Helia Health Care,907,N,Lincoln,AVE,,,,,,
912107226018A,One South Apartments,1319,N,Lincoln,AVE,,,,,,
912107226019A,One South Apartments,1323,N,Lincoln,AVE,,,,,,
912107226019B,One South Apartments,1325,N,Lincoln,AVE,,,,,,
912107226019C,One South Apartments,1327,N,Lincoln,AVE,,,,,,
912107226019D,One South Apartments,1329,N,Lincoln,AVE,,,,,,
912107226019E,One South Apartments,1331,N,Lincoln,AVE,,,,,,
912107226019F,One South Apartments,1333,N,Lincoln,AVE,,,,,,
912107226019G,One South Apartments,1335,N,Lincoln,AVE,,,,,,
912107226019H,One South Apartments,1337,N,Lincoln,AVE,,,,,,
912107226019I,One South Apartments,1339,N,Lincoln,AVE,,,,,,
912107226019J,One South Apartments,1341,N,Lincoln,AVE,,,,,,
912107226019K,One South Apartments,1343,N,Lincoln,AVE,,,,,,
912107226019L,One South Apartments,1345,N,Lincoln,AVE,,,,,,
912107226019M,One South Apartments,1347,N,Lincoln,AVE,,,,,,
912107226017A,One South Apartments,1351,N,Lincoln,AVE,,,,,,
912107226017B,One South Apartments,1353,N,Lincoln,AVE,,,,,,
912107226017C,One South Apartments,1355,N,Lincoln,AVE,,,,,,
912107226017D,One South Apartments,1357,N,Lincoln,AVE,,,,,,
912107226017E,One South Apartments,1359,N,Lincoln,AVE,,,,,,
912107226017F,One South Apartments,1361,N,Lincoln,AVE,,,,,,
912107226017G,One South Apartments,1363,N,Lincoln,AVE,,,,,,
912107226010,Vacant fka Green Meadows Girl Scout,1405,N,Lincoln,AVE,,,,,,
912106476013,Capstone Quarters,1901,N,Lincoln,AVE,,,,,,
912106476014,Capstone Quarters,1903,N,Lincoln,AVE,,,,,,
912106476015,Capstone Quarters,1905,N,Lincoln,AVE,,,,,,
912105100006,K L Breeden & Sons,2406,N,Lincoln,AVE,,,,,,
912106226001,Supervalu Inc,2611,N,Lincoln,AVE,,FPP,,704,,
911532300002,Roanoke Concrete Products Co.,3202,N,Lincoln,AVE,,FPP,,,,
932118228013,Vacant-Next to Campus,105,S,Lincoln,AVE,,,,,,
932118228022,Bailey Apartments,111,S,Lincoln,AVE,,,,,,
922117102005,BankChampaign,202,S,Lincoln,AVE,,,,,,
932118281007A,Cafe Paradisio,801,S,Lincoln,AVE,,FPP,,,,
922117154001,"Donato, Anthony",802,S,Lincoln,AVE,,,,,,
932118281007B,Associated Barbers,803,S,Lincoln,AVE,,,,,,
932118281007C,Barr Real Estate Apartments/Strip Mall,805,S,Lincoln,AVE,C,,,,,
932118281007,Barr Real Estate,805,S,Lincoln,AVE,,,,,,
932118281007E,Jimmy Johns,807,S,Lincoln,AVE,B,FPP,,,,
932117301002,"Iota, Of Alpha Chi",904,S,Lincoln,AVE,,,,,,
932117302003,Basic Student Ministries,1008,S,Lincoln,AVE,,,,,,
932117352005,Zeta Tau,1404,S,Lincoln,AVE,,,,,,
932117353001,"Wustman, John",1502,S,Lincoln,AVE,,,,,,
UIUC000354,Japan House,2000,S,Lincoln,AVE,,,,,,URU
UIUC000884,Bee research facility,2304,S,Lincoln,AVE,,,,,,URU
UIUC000881,Ground storage barn,2402,S,Lincoln,AVE,,,,,,URU
UIUC001165,Bee Laboratory,3515,S,Lincoln,AVE,,,,,,URU
UIUC000919,Lincoln avenue dairy machine shed,,S,Lincoln,AVE,,,,,,URU
UIUC000920,Lincoln avenue dairy new calf barn,,S,Lincoln,AVE,,,,,,URU
UIUC000921,Lincoln avenue dairy new bull barn,,S,Lincoln,AVE,,,,,,URU
UIUC000922,Lincoln avenue dairy maternity barn,,S,Lincoln,AVE,,,,,,URU
UIUC000923,Lincoln avenue goat barn,,S,Lincoln,AVE,,,,,,URU
UIUC000925,Lincoln ave dairy sth barn and calf hse.,,S,Lincoln,AVE,,,,,,URU
UIUC000926,lincoln ave dairy north barn and milking,,S,Lincoln,AVE,,,,,,URU
UIUC000927,Lincoln avenue dairy loafing barn,,S,Lincoln,AVE,,,,,,URU
UIUC000928,Lincoln avenue dairy shop and storage,,S,Lincoln,AVE,,,,,,URU
UIUC000929,Lincoln avenue dairy t-loafing barn,,S,Lincoln,AVE,,,,,,URU
UIUC000932,Lincoln avenue dairy herdsman office,,S,Lincoln,AVE,,,,,,URU
UIUC000934,Lincoln avenue dairy milking parlor,,S,Lincoln,AVE,,,,,,URU
UIUC000935,Lincln avenue dairy-food science,,S,Lincoln,AVE,,,,,,URU
UIUC000937,Lincoln avenue dairy-feed mixing,,S,Lincoln,AVE,,,,,,URU
UIUC000938,Lincoln avenue dairy milking parlor,,S,Lincoln,AVE,,,,,,URU
UIUC000939,Lincoln avenue dairy free stall barn,,S,Lincoln,AVE,,,,,,URU
UIUC000940,Garage,,S,Lincoln,AVE,,,,,,URU
UIUC000944,Lincoln avenue dairy scale house,,S,Lincoln,AVE,,,,,,URU
UIUC000972,Lincoln avenue dairy free stall barn,,S,Lincoln,AVE,,,,,,URU
UIUC000996,Dry cow free -stall barn,,S,Lincoln,AVE,,,,,,URU
UIUC000997,Lincoln avenue dairy heifer shed,,S,Lincoln,AVE,,,,,,URU
UIUC000998,Lincoln avenue dairy solids separation,,S,Lincoln,AVE,,,,,,URU
UIUC000999,Lincoln avenue dairy free stall  barn,,S,Lincoln,AVE,,,,,,URU
UIUC001021,Lincoln avenue dairy implement storage,,S,Lincoln,AVE,,,,,,URU
UIUC001023,Lincoln ave dairy-feed loading,,S,Lincoln,AVE,,,,,,URU
UIUC001024,Lincoln avenue dairy large heifer rearig,,S,Lincoln,AVE,,,,,,URU
UIUC001025,Lincoln avenue dairy small heifer rear.,,S,Lincoln,AVE,,,,,,URU
UIUC001044,Commodities storage bldg.,,S,Lincoln,AVE,,,,,,URU
912108383009,Footprint Leasing,302,W,Locust,ST,,,,,,
912108383008,"Cassel, Chad Apartments",304,W,Locust,ST,,,,,,
UIUC000050,Architecture Building,608,E,Lorado Taft,DR,,,,,,CNU
UIUC000339,Temple Hoyne Buell Hall,611,E,Lorado Taft,DR,,,,,,CNU
UIUC000125,Mumford House,1403,,Lorado Taft,DR,,,,,,URU
922116104018,Green Street Realty,202,S,Lynn,St,,,,,,
922117228010,"Berns, Clancy, and Associates",405,E,Main,ST,,,,,,
912109352013,Beyond Clean Detailing,708,E,Main,ST,,,,,,
922116104004,"Hung , Tran B & Le N",907,E,Main,ST,,,,,,
912109379009,Unity Church & Spiritual Center,1206,E,Main,ST,,FPP,,,,
912109379015,Little Red Dog House,1208,E,Main,ST,,,,,,
912108379018A,Vacant,1210,E,Main,ST,,,,,,
912109379012,Courage Connection,1304,E,Main,ST,,FPP,,,,
922116200003,Champaign County Fleet Maintenance,1605,E,Main,ST,,FPP,,,,
922116200005A,ILEAS,1701,E,Main,ST,,FPP,,,,
922116200005F,ILEAS and EMA Storage,1703,E,Main,ST,,,,,,
922116200005G,Champaign County Highway Dept,1705,E,Main,ST,,FPP,,,,
912109478004,"Urb-Champ, Friends Meeting",1904,E,Main,ST,,,,,,
922117202018,Birkenstock Concepts,104,W,Main,ST,,,,,,
922117202011,New Balance,108,W,Main,ST,,,,,,
922117202901A,Innovative Bracing,108,W,Main,ST,,,,,,
922117202016B,Priceless Books,112,W,Main,ST,B,,,,,
922117202008B,ISAKSEN-GLERUM,114,W,Main,ST,,,,,,
922117202008A,P.H. METALS,114,W,Main,ST,,,,,,
922117202008,"Isaksen Glerum Wachter, LLC",114,W,Main,ST,,,,,,
922117202006A,Capoeira Angola -was Urb Museum of Photo,122,W,Main,ST,A,,,,,
922117206005E,Vacant fka Action Jackson Comics,123,W,Main,ST,103,,,,,
922117206005H,C-U Adventures in Time and Space,123,W,Main,ST,104,,,,,
922117206005F,Parkinson Law Office,123,W,Main,ST,200,,,,,
922117206005G,Gregory  L. Ryan Attorney,123,W,Main,ST,210,,,,,
922117206005B,Collider Coworker,123,W,Main,ST,220,,,,,
922117206005A,Basement and Common Areas,123,W,Main,ST,,,,,,
922117206005L,VACANT fka SEE YOU CD & VINYL,123,W,Main,ST,,,,,,
922117206005M,Vacant fka Farm League Skate Shop,123,W,Main,ST,,,,,,
922117202005,"Rick's Bakey, Inc.",124,W,Main,ST,,FPP,,,,
922117206005K,West Main Dental,125,W,Main,ST,,,,,,
922117202004,Dancing Dog Eatery,126,W,Main,ST,,FPP,LIQ,,,
922117206002,David Kraft Properties,133,W,Main,ST,,,,,,
922117201009B,Cake Design Development,210,W,Main,ST,B,,,,,
922117201009C,Cake Design Development,210,W,Main,ST,C,,,,,
922117201003A,Siam Terrace,212,W,Main,ST,,FPP,LIQ,,,
922117201003,Knights of Pythia,212.5,W,Main,ST,,,,,,
922117139003,Prillaman and Moore Law Office,220,W,Main,ST,,,,,,
922117139002,Vacant,222,W,Main,ST,,,,,,
912108380015,Canaan Credit Union,404,W,Main,ST,,FPP,,,,
912108380014,Ismail Bobat,406,W,Main,ST,,,,,,
912108380013,Canaan Youth Church,408,W,Main,ST,,FPP,,,,
912108381004,CMH Properties,413,W,Main,ST,,,,,,
912108363009,Pierre Moulin,501,W,Main,ST,,,,,,
912108378004,Element Apartments,502,W,Main,ST,,,,,,
912108363005,Ramshaw,509,W,Main,ST,,,,,,
912108362012,Micheal Price Apartments,604,W,Main,ST,,,,,,
912108363001,College City Apartments,609,W,Main,ST,,,,,,
912108359016,Kennedy Wilson,705,W,Main,ST,,,,,,
912108358008,St Patrick's Parish,708,W,Main,ST,,FPP,,,,
912108358007,St Patrick's Church,710,W,Main,ST,,,,,,
912108959017,Fire Side Apartments,711,W,Main,ST,,,,,,
912108359017,Sterling Management LLC,711,W,Main,ST,,,,,,
912107486007,Advantage Properties,901,W,Main,ST,,,,,,
912107486004,"Hill, Terry",907,W,Main,ST,,,,,,
912107481020,The University Group,1004,W,Main,ST,,,,,,
912107481022,University Group,1010,W,Main,ST,,,,,,
912107478007,Bikeworks,1103,W,Main,ST,,FPP,,,,
912107477015A,AT & T Mobility,1108,W,Main,ST,,FPP,,,,
UIUC000564,NCSA,1205,W,Main,ST,,,,,,URU
912108481002,"Kirby, & Turner Mason",202,N,Maple,ST,,,,,,
912108480004C,Adept Content Solutions,304,N,Maple,ST,201,,,,,
912108480004A,Cumberland Associates Senior Programs,304,N,Maple,ST,202,,,,,
912108480004B,East Central FBFM,304,N,Maple,ST,205,,,,,
UIUC000171,Meat Science Lab,1503,,Maryland,DR,,,,,,URU
UIUC000232,North Chiller Plant,305,N,Mathews,AVE,,,,,,URU
UIUC000192,Medical Sciences,506,S,Mathews,AVE,,,,,,URU
UIUC000143,608 S Mathews,608,S,Mathews,AVE,,,,,,URU
UIUC000173,African American Cultural Center,708,S,Mathews,AVE,,,,,,URU
UIUC000033,Observatory,901,S,Mathews,AVE,,,,,,URU
922117110020,Campus Property Management,103,S,McCullough,ST,,,,,,
922117131001,King's Barber Shop,104,S,McCullough,ST,,,,,,
912106476011S,One North Apartments,1611,,Melrose Park,CT,,,,,,
912106476011R,One North Apartments,1612,,Melrose Park,CT,,,,,,
912106476011T,One North Apartments,1615,,Melrose Park,CT,,,,,,
912106476011Q,One North Apartments,1616,,Melrose Park,CT,,,,,,
912106476011D,One North Apartments,1603,,Melrose Valley,CT,,,,,,
912106476011F,One North Apartments,1609,,Melrose Valley,CT,,,,,,
912106476011A,One North Apartments,1610,,Melrose Valley,CT,,,,,,
912106476011U,One North Apartments,1619,,Melrose Valley,CT,,,,,,
912106476011G,One North Apartments,1701,,Melrose Village,CIR,,,,,,
912106476011H,One North Apartments,1705,,Melrose Village,CIR,,,,,,
912106476011J,One North Apartments,1713,,Melrose Village,CIR,,,,,,
912106476011P,One North Apartments,1716,,Melrose Village,CIR,,,,,,
912106476011O,One North Apartments,1719,,Melrose Village,CIR,,,,,,
912106476011N,One North Apartments,1722,,Melrose Village,CIR,,,,,,
912106476011M,One North Apartments,1725,,Melrose Village,CIR,,,,,,
912106476011L,One North Apartments,1728,,Melrose Village,CIR,,,,,,
912106476011K,One North Apartments,1731,,Melrose Village,CIR,,,,,,
932117402003A,Urbana Indoor Aquatic Center,102,E,Michigan,AVE,,FPP,,,,
932117430015D,Campus Property Management,310,E,Michigan,AVE,,,,,,
932117430015A,Campus Property Management,406,E,Michigan,AVE,,,,,,
932117430015G,Campus Property Management,408,E,Michigan,AVE,,,,,,
932117430015,Campus Property Management,410,E,Michigan,AVE,,,,,,
932117430006,Campus Property Management,506,E,Michigan,AVE,,,,,,
932117430006D,Campus Property Management,508,E,Michigan,AVE,D,,,,,
93211743006D,Campus Property Management,508,E,Michigan,AVE,,,,,,
932117304006,Twin City Bible Church,810,W,Michigan,AVE,,FPP,,,,
932121304001,New Jerusalem Miss Bapt Church,702,E,Mumford,DR,,FPP,,,,
912104151003F,Napleton's Used Cars,1225,,Napleton Way,Way,,,,,,
922117162009,"Cline, Herschel",509,W,Nevada,ST,,,,,,
922117162008,"CMT, Inc.",511,W,Nevada,ST,,,,,,
922117162006,Demola Ricardo Loret,603,W,Nevada,ST,,,,,,
922117161016,Dale Kramer,604,W,Nevada,ST,,,,,,
922117158005,Dale Kramarae Apartments,703,W,Nevada,ST,,,,,,
922117157013,Dale Kramer,704,W,Nevada,ST,,,,,,
922117158004,"Duke, Sidney",705,W,Nevada,ST,,,,,,
922117158002,Vintage Apratments (WA Holdings),709,W,Nevada,ST,,,,,,
922117154006,Green Street Realty,801,W,Nevada,ST,,,,,,
922117153016,Campus Property Management,812,W,Nevada,ST,,,,,,
UIUC000365,Dance Administration,907.5,W,Nevada,ST,,,,,,URU
UIUC000258,909 W Nevada,909,W,Nevada,ST,,,,,,URU
UIUC000505,Center for Research and Development,1002,W,Nevada,ST,,,,,,URU
UIUC000195,1203 W Nevada,1203,W,Nevada,ST,,,,,,URU
UIUC000207,1203 1/2 W Nevada,1203.5,W,Nevada,ST,,,,,,URU
UIUC000151,1204 W Nevada,1204,W,Nevada,ST,,,,,,URU
UIUC000146,1205 W Nevada,1205,W,Nevada,ST,,,,,,URU
UIUC000184,Asian American Studies,1208,W,Nevada,ST,,,,,,URU
912106227005,Vacant - fka CSL,2401,,Northshore,DR,,,,,,
912106228005,Midwest Automotive & Diesel,2402,,Northshore,DR,,FPP,,,,
912106228004,Aramark Uniform Services,2404,,Northshore,DR,,FPP,,,,
912106227004,Eastern Illinois Food Bank,2405,,Northshore,DR,,FPP,,,,
912106228003,"Stetson Building Products, LLC",2500,,Northshore,DR,,,,,,
912106228002,Mayfield Transfer Co,2504,,Northshore,DR,,FPP,,,,
912106227003,Lang Distributing South Inc,2505,,Northshore,DR,,FPP,,704,,
912106228009,Polar Refrigeration,2508,,Northshore,DR,,FPP,,704,,
912106227006,Stout's Building Services,2509,,Northshore,DR,,,,,,
912106228008,Hedrick Precision Engines,2510,,Northshore,DR,,FPP,,704,,
UIUC000244,Universal Waste System Building,1409,N,Oak,ST,,,,,,CNU
UIUC000170,Central Receiving Building,1609,N,Oak,ST,,,,,,CNU
UIUC001082,Library Storage Building,800,S,Oak,ST,,,,,,CNU
UIUC000128,Geological Survey Lab,1116,S,Oak,ST,,,,,,CNU
UIUC000178,Mailing Center,1611,S,Oak,ST,,,,,,CNU
UIUC000201,Garage and Carpool,1701,S,Oak,ST,,,,,,CNU
UIUC000396,Fuel Oil Storage,1717,S,Oak,ST,,,,,,CNU
UIUC001073,Forbes Natural History Building,1816,S,Oak,ST,,,,,,CNU
912106201005,Plastic Container Corp,2508,,Oak,ST,,FPP,,704,,
911531400026A,"MACC of Illinois, Inc",2906,,Oak,ST,,,,,,
911531400021A,Open Road Asphalt (Lab Bldg),2912,,Oak,ST,,FPP,,704,,
912109102009,Town & Country Apartments,608,,Oakland,AVE,,,,,,
912109151011,Oakland Avenue Storage,609,,Oakland,AVE,,,,,,
912109103006A,Town & Country Apartments,802,,Oakland,AVE,,,,,,
912109103008C,Town & Country Apartments,803,,Oakland,AVE,,,,,,
912109103008E,Town & Country Apartments,805,,Oakland,AVE,,,,,,
912109103006C,Town & Country Apartments,806,,Oakland,AVE,,,,,,
912109103006D,Town & Country Apartments,808,,Oakland,AVE,,,,,,
912109103008W,Town & Country Apartments,809,,Oakland,AVE,,,,,,
912109103008X,Town & Country Apartments,811,,Oakland,AVE,,,,,,
912109103006F,Town & Country Apartments,812,,Oakland,AVE,,,,,,
912109103008K,Town & Country Apartments,813,,Oakland,AVE,,,,,,
912109103006G,Town & Country Apartments,814,,Oakland,AVE,,,,,,
912109103008Q,Town & Country Apartments,819,,Oakland,AVE,,,,,,
912109103006K,Town & Country Apartments,822,,Oakland,AVE,,,,,,
912109103006L,Town & Country Apartments,824,,Oakland,AVE,,,,,,
932117302006,"Donato, Anthony",806,W,Ohio,ST,,,,,,
912108327009,Carle Hospital North Parking Structure,504,N,Orchard,ST,,,,,,
912108309006,Carle Forum (FPP),505,N,Orchard,ST,,,,,,
932117328005,Minyard Betty,1010,S,Orchard,ST,,,,,,
UIUC000068,Horticulture field lab,1707,S,Orchard,ST,,,,,,URU
UIUC000202,Horticulture Field Lab Steel Building,1801,S,Orchard,ST,,,,,,URU
922117261016,"Hamid, Nayer",107,W,Oregon,ST,,,,,,
922117179013,"Urbana, School Dist #116",402,W,Oregon,ST,,,,,,
922117179011,"Urbana, School District",404,W,Oregon,ST,,,,,,
922117179017,"Shepard, Trent A Jr",406,W,Oregon,ST,,,,,,
922117161010,First Church of Christ Scientists,501,W,Oregon,ST,,FPP,,,,
922117161008,Neves Group,511,W,Oregon,ST,,,,,,
922117157005,Hunsinger Enterprises,703,W,Oregon,ST,,,,,,
922117153005,Prime Housing LLC,801,W,Oregon,ST,,,,,,
922117152011,"Cassel, Lon",804,W,Oregon,ST,,,,,,
922117153003,Footprint Leasing,805,W,Oregon,ST,,,,,,
922117153002,CW Capital Assets Management,807,W,Oregon,ST,,,,,,
922117152007,Christian Campus House,810,W,Oregon,ST,,,,,,
UIUC000506,Survey Research lab,909,W,Oregon,ST,,,,,,URU
932118401004,Jay Goldberg Events,1115,W,Oregon,ST,A,,,,,
932118277002E,Manolo's Pizza & Empanadas,1115,W,Oregon,ST,B,FPP,,,,
932118277001A,Espresso Royale Cafe,1117,W,Oregon,ST,A,FPP,,,,
UIUC000205,1203 W Oregon,1203,W,Oregon,ST,,,,,,URU
UIUC000224,1205 E Oregon,1205,W,Oregon,ST,,,,,,URU
UIUC000238,1207 W Oregon,1207,W,Oregon,ST,,,,,,URU
932118254001,Channing Murray Foundation,1209,W,Oregon,ST,,FPP,,,,
912108403006,Campo Rental Agency,111,W,Park,ST,,,,,,
912108326004,Crystal Lake Park Lake House,206,W,Park,ST,,FPP,,,,
912108328007,"Gilbert Donut, LLC",401,W,Park,ST,,,,,,
912107404010,OSF Heart of Mary Medical Center,1400,W,Park,ST,,FPP,,704,,
912107405007,Covenant Medical Center,1401,W,Park,ST,,,,,,
912107405005,"Covenant, Medical Center",1403,W,Park,ST,,,,,,
912107405004,C-U Dialysis (FPP),1405,W,Park,ST,100,FPP,,,,
UIUC000018,Art East Annex Studio 1 (Old Ag),1208,W,Peabidy,DR,,,,,,URU
UIUC000407,Irwin Indoor Football Facility,301,E,Peabody,DR,,,,,,CNU
UIUC000219,Art and Design,408,E,Peabody,DR,,,,,,CNU
912105277003C,Creative Thermal Solutions Building 4,501,,Pega,DR,,,,,,
912105277003B,Creative Thermal Solutions Building 3,505,,Pega,DR,,,,,,
912105277003A,Creative Thermal Solutions Building 2,601,,Pega,DR,,,,,,
912105277003D,Creative Thermal Solutions Building 5,602,,Pega,DR,,,,,,
UIUC000156,Law Building,504,E,Pennsylvania,AVE,,,,,,CNU
UIUC000134,Natural history survey green house,614,E,Pennsylvania,AVE,,,,,,CNU
UIUC000179,"Illini Grove, Seward Staley",905,W,Pennsylvania,AVE,,,,,,URU
UIUC000169,Burnsides Research Lab,1208,W,Pennsylvania,AVE,,,,,,URU
UIUC000073,Agriculture Bioprocess Lab,1302,W,Pennsylvania,AVE,,,,,,URU
UIUC000008,Agriculture Engineering Sciences Bldg,1304,W,Pennsylvania,AVE,,,,,,URU
UIUC000040,Stock Pavilion,1402,W,Pennsylvania,AVE,,,,,,URU
912109103017,TCT Construction,805,E,Perkins,RD,,FPP,,,,
912104352017,TK Service Center,806,E,Perkins,RD,,FPP,,,,
912115276004,"Cnty, Bd-Sch Dist #116",804,S,Pfeffer,RD,,,,,,
922116180006,Huaraches Moroleon,805,S,Philo,RD,,FPP,LIQ,,,
932121126004,Urbana Mini Mart,1701,S,Philo,RD,,FPP,LIQ,,,
932121201009,Sprint Cellular Phones,1702,S,Philo,RD,,,,,,
932121200032,Payless (Vacant) (Use 932121201009),1702,S,Philo,RD,,,,,,
932121126019,Sunny China Buffet,1703,S,Philo,RD,,FPP,,,,
932121200033,Caring Hands Animal Hospital,1704,S,Philo,RD,,,,,,
932121201011,Burger King,1708,S,Philo,RD,,FPP,,,,
932121201012B,Flamingo Slots,1720,S,Philo,RD,B,FPP,LIQ,,,
932121201012D,Restoration Church,1720,S,Philo,RD,D,,,,,
932121201012F,Labor Ready,1720,S,Philo,RD,F,,,,,
932121126049,Walgreen's #11368,1801,S,Philo,RD,,FPP,LIQ,,,
932121126041F,R.I.S.E.,1803,S,Philo,RD,,FPP,,,,
932121126041G,KoKoniks (Vacant),1805,S,Philo,RD,G,,,,,
932121201001,VACANT,1806,S,Philo,RD,,,,,,
932121201018C,Developmental Services Center,1808,S,Philo,RD,101,FPP,,,,
932121201018A,Urbana Secure Self Storage,1808,S,Philo,RD,102,,,,,
932121201018,"Tatman, Paul",1808,S,Philo,RD,,,,,,
932121126050A,Planet Fitness,1809,S,Philo,RD,A,,,,,
932121126050B,Hot Spot Gaming Parlor,1809,S,Philo,RD,B,FPP,LIQ,,,
932121126050C,Urbana's Hair Lounge,1809,S,Philo,RD,C,,,,,
932121126050D,Sister-Sister Hair Brading,1809,S,Philo,RD,D,,,,,
932121126050E,Vacant - fka Personal Touch Dry Cleaners,1809,S,Philo,RD,E,,,,,
932121126040E,Global Smoke & Vape,1813,S,Philo,RD,,,,,,
932121126040B,First Wok,1815,S,Philo,RD,A,FPP,,,,
932121126040C,Check N Go,1815,S,Philo,RD,B,,,,,
932121126040D,Charly's Sunnycrest Salon,1815,S,Philo,RD,C,,,,,
932121126040,Salt & Light,1819,S,Philo,RD,,FPP,,,,
932121200006,Renner-Wikoff Funeral Home,1900,S,Philo,RD,,FPP,,,,
932121176014,Baier Brothers Auto Wash,1903,S,Philo,RD,,,,,,
932121180009,Sunnycrest Dental (VACANT),2001,S,Philo,RD,,,,,,
932121180010,VACANT,2003,S,Philo,RD,,,,,,
932121200007,Quest Church (FPP),2004,S,Philo,RD,,FPP,,,,
932121200008,Closet Space,2006,S,Philo,RD,,,,,,
932121180019,Green Street Realty,2007,S,Philo,RD,,,,,,
932121180018,Green Street Realty,2009,S,Philo,RD,,,,,,
932121202090A,U-Haul (FPP),2010,S,Philo,RD,,FPP,,,,
932121200037A,Vacant-FKA Dollar General,2012,S,Philo,RD,,FPP,,,,
932121183004,Platinum Group,2017,S,Philo,RD,,,,,,
932121200037E,"VACANT - Kirk Noraian DDS, MSPC",2020,S,Philo,RD,,,,,,
932121200037F,VACANT - ProNails Salon,2022,S,Philo,RD,,,,,,
932121200037G,Denny's Cleaners (VACANT),2024,S,Philo,RD,,,,,,
932121332014,Fire station 2,2103,S,Philo,RD,,,,,,
932121451009,First Financial Bank,2510,S,Philo,RD,,,,,,
932121381017,Philo Road Church of Christ,2601,S,Philo,RD,,FPP,,,,
932121451002,Meijer Gas Station #247,2602,S,Philo,RD,,FPP,LIQ,,,
932128201002,Monical's Pizza,2720,S,Philo,RD,,FPP,LIQ,,,
932128201004M,Casa Del Mar,2870,S,Philo,RD,,FPP,LIQ,,,
UIUC000882,Pell farm storage building,,S,Philo,RD,,,,,,URC
UIUC000975,Pell farm service building,,S,Philo,RD,,,,,,URC
UIUC000976,Pell farm garage,,S,Philo,RD,,,,,,URC
UIUC000977,Pell farm fruit building,,S,Philo,RD,,,,,,URC
UIUC000978,Pell farm apiary building,,S,Philo,RD,,,,,,URC
UIUC000979,Pell farm machine storage shed,,S,Philo,RD,,,,,,URC
UIUC000992,Pell farm pomology storage,,S,Philo,RD,,,,,,URC
UIUC001002,Pell farm nematology storage,,S,Philo,RD,,,,,,URC
922116179011,Vacant,709,S,Poplar,ST,,,,,,
922116179012,Illini Homebuyers,801,S,Poplar,ST,,,,,,
912115326008N,Prairie Green Apartments,2402,E,Prairie Green,DR,,,,,,
912115326008P,Prairie Green Apartments,2403,E,Prairie Green,DR,,,,,,
912115326008O,Prairie Green Apartments,2404,E,Prairie Green,DR,,,,,,
912115326008R,Prairie Green  Apartments,2405,E,Prairie Green,DR,,,,,,
912115326008Q,Prairie Green Apartments,2406,E,Prairie Green,DR,,,,,,
912115326008S,Prairie Green Apartments,2408,E,Prairie Green,DR,,,,,,
912115326008H,Prairie Green Apartments,2409,E,Prairie Green,DR,,,,,,
912115326008I,Prairie Green Apartments,2410,E,Prairie Green,DR,,,,,,
912115326008J,Prairie Green Apartments,2411,E,Prairie Green,DR,,,,,,
912115326008K,Prairie Green Apartments,2412,E,Prairie Green,DR,,,,,,
912115326008L,Prairie Green Apartments,2413,E,Prairie Green,DR,,,,,,
912115326008M,Prairie Green Apartments,2415,E,Prairie Green,DR,,,,,,
912115326008A,Prairie Green Apartments,2501,E,Prairie Green,DR,,,,,,
912115326007,Prairie Green Apartments (Office),2502,E,Prairie Green,DR,,,,,,
912115326008B,Prairie Green Apartments,2503,E,Prairie Green,DR,,,,,,
912115326008C,Prairie Green Apartments,2504,E,Prairie Green,DR,,,,,,
912115326008D,Prairie Green Apartments,2505,E,Prairie Green,DR,,,,,,
912115326008E,Prairie Green Apartments,2506,E,Prairie Green,DR,,,,,,
912115326008F,Prairie Green Apartments,2507,E,Prairie Green,DR,,,,,,
912115326008G,Prairie Green Apartments,2508,E,Prairie Green,DR,,,,,,
922117211004A,Rent Champaign,301,S,Race,AVE,A,,,,,
912108453010A,Community Center for the Arts (C4A),103,N,Race,ST,,,,,,
912108453002,"Urbana, School Dist #116",131,N,Race,ST,,,,,,
912108457022A,Stratford Residence,202,N,Race,ST,,,,,,
912108457022,Masijta Grill,202,N,Race,ST,,FPP,LIQ,,,
912108452005,"Urbana, School Dist #116",301,N,Race,ST,,,,,,
922117206001A,C-U Adventures in Time & Space,110,S,Race,ST,10,,,,,
922117206025,"Brown, Hobbs & McMurray",118,S,Race,ST,,,,,,
922117206028,Iron Post,120,S,Race,ST,,FPP,LIQ,,,
922117212014,Urbana Landmark Hotel,210,S,Race,ST,,FPP,,,,
922117213004,Kirby Properties,401,S,Race,ST,,,,,,
922117251005,"Spencer, Robert",501,S,Race,ST,,,,,,
922117251007,"Weisskopf, Jonah V.",505,S,Race,ST,,,,,,
922117256006,McClintock Properties,604,S,Race,ST,,,,,,
932117327005,McClintock Properties,606,S,Race,ST,,,,,,
932117453134,Delmont Village,1502,S,Race,ST,,,,,,
932117453124,Delmont VIllage,1506,S,Race,ST,,,,,,
932117453110,Delmont Village,1510,S,Race,ST,,,,,,
UIUC001010,Vet Med Research Service Bldg and Lab,2600,S,Race,ST,,,,,,URU
UIUC000963,Vet Med Research Farm Office/Shop,2700,S,Race,ST,,,,,,URU
932129201002R,Clark Lindsey Greenhouse,2802,S,Race,ST,,FPP,,,,
932129201002Q,Clark Lindsey Greenhouse,2804,S,Race,ST,,FPP,,,,
UIUC000854,Machine storage building,,S,Race,ST,,,,,,CCU
UIUC000947,Implement shed,,S,Race,ST,,,,,,CCU
UIUC000948,Forest science garage,,S,Race,ST,,,,,,CCU
UIUC000949,Agriculture Engineering Implement Shed,,S,Race,ST,,,,,,CCU
UIUC000950,Agriculture engineer storage,,S,Race,ST,,,,,,CCU
UIUC000951,Forest science implement shed,,S,Race,ST,,,,,,CCU
UIUC000953,downes annex,,S,Race,ST,,,,,,CCU
UIUC000955,Vet Med Research Lab Building,,S,Race,ST,,,,,,CCU
UIUC000956,Vet Med Reasearch Farm East Lab Bldg,,S,Race,ST,,,,,,CCU
UIUC000968,Corn Crib,,S,Race,ST,,,,,,CCU
UIUC000970,Agriculture eng.research#1,,S,Race,ST,,,,,,CCU
UIUC000971,Structures physiology lab,,S,Race,ST,,,,,,CCU
UIUC000973,Vet Research Farm - Horse Shelter,,S,Race,ST,,,,,,CCU
UIUC000974,Usda soybean lab,,S,Race,ST,,,,,,CCU
UIUC000980,Agriculture eng.research #2,,S,Race,ST,,,,,,CCU
UIUC000981,Vegitable research farm garage,,S,Race,ST,,,,,,CCU
UIUC000990,Agriculture eng .farm soybean damage lab,,S,Race,ST,,,,,,CCU
UIUC000993,Pomology and toxicology lab,,S,Race,ST,,,,,,CCU
UIUC001005,Dog housing unit,,S,Race,ST,,,,,,CCU
UIUC001042,Modular infectious desease bldg#1,,S,Race,ST,,,,,,CCU
UIUC001043,Modular infectious disease bldg.#2,,S,Race,ST,,,,,,CCU
UIUC000306,Building Research Council Building,1,E,Saint Mary's,RD,,,,,,CNU
UIUC000836,Equine Research Barn,517,E,Saint Mary's,RD,,,,,,CNU
UIUC000809,Animal husbandry sheep metabolism bldg,,E,Saint Mary's,RD,,,,,,CNU
UIUC000826,Confinement beef unit,,E,Saint Mary's,RD,,,,,,CNU
UIUC000834,Animal science isolation unit,,E,Saint Mary's,RD,,,,,,CNU
UIUC000270,Waste Transfer & Material Recovery,10,W,Saint Mary's,RD,,,,,,CNU
UIUC000819,Calf barn,300,W,Saint Mary's,RD,,,,,,CNU
UIUC000820,Animal husbandry cattle feeding plant,300,W,Saint Mary's,RD,,,,,,CNU
UIUC000821,Scale house,300,W,Saint Mary's,RD,,,,,,CNU
UIUC000822,Garage,300,W,Saint Mary's,RD,,,,,,CNU
UIUC000829,pole frame horse barn,300,W,Saint Mary's,RD,,,,,,CNU
UIUC000835,Swine progeny test facility,500,W,Saint Mary's,RD,,,,,,CNU
UIUC000888,Animal research barn-physiology research,500,W,Saint Mary's,RD,,,,,,CNU
UIUC000303,Play Field Service Building,1002,W,Saint Mary's,RD,,,,,,URU
UIUC000352,Vet Med Boiler Plant,1009,W,Saint Mary's,RD,,,,,,URU
UIUC000360,Atkins Tennis Center,1410,W,Saint Mary's,RD,,,,,,URU
UIUC001187,Indoor Golf Practice Facility,1415,W,Saint Mary's,RD,,,,,,URU
UIUC000942,Garage,,W,Saint Mary's,RD,,,,,,URU
UIUC000801,"Animal husbandry,hedden house",,W,Saint Mary's,RD,,,,,,CNU
UIUC000802,Animal husbandry hedden barn,,W,Saint Mary's,RD,,,,,,CNU
UIUC000810,Individual feeding barn,,W,Saint Mary's,RD,,,,,,CNU
UIUC000811,Animal husbandry sheep barn,,W,Saint Mary's,RD,,,,,,CNU
UIUC000812,Feed and mixing sheep barn,,W,Saint Mary's,RD,,,,,,CNU
UIUC000815,Feed storage plant,,W,Saint Mary's,RD,,,,,,CNU
UIUC000816,Concrete block feed storage,,W,Saint Mary's,RD,,,,,,CNU
UIUC000818,Hog and cattle weighing shed,,W,Saint Mary's,RD,,,,,,CNU
UIUC000823,Feed mixing shed,,W,Saint Mary's,RD,,,,,,CNU
UIUC000828,Animal science shop and storage-horse .,,W,Saint Mary's,RD,,,,,,CNU
UIUC000831,Animal science k-40 facility,,W,Saint Mary's,RD,,,,,,CNU
UIUC000833,Animal science farm equipment storage,,W,Saint Mary's,RD,,,,,,CNU
UIUC000832,Animal science ruminant metabolism unit,,W,Saint Mary's,RR,,,,,,CNU
911531200009,Henson Disposal,910,,Saline,CT,,FPP,,,,
911531280001,Allied Waste - Transfer Station,915,,Saline,CT,,,,,,
911531280004,Emulsicoat Inc,1001,,Saline,CT,,FPP,,704,,
932121381016,Jehovah's Witnesses,1407,E,Scovill,ST,,FPP,,,,
UIUC000243,508 S Sixth,508,S,Sixth,ST,,,,,,CNU
UIUC000209,Speech and Hearing Science,901,S,Sixth,ST,,,,,,CNU
UIUC000215,909 S Sixth,909,S,Sixth,ST,,,,,,CNU
UIUC000214,911 S Siixth,911,S,Sixth,ST,,,,,,CNU
UIUC000004,Band building-Harding,1103,S,Sixth,ST,,,,,,CNU
UIUC000159,Wohler's Hall,1206,S,Sixth,St,,,,,,CNU
UIUC000160,Education Building,1310,S,Sixth,ST,,,,,,CNU
912110151005,"City, Of Urbana Arbor Division",901,N,Smith,RD,,,,,,
912115326012B,Rainbow Apartments Urbana Leased Housing,1006,S,Smith,RD,,,,,,
911531400036,Blager Concrete,1001,W,Somer,DR,,,,704,,
922117109003,Glenn Poor TV,609,W,Springfield,AVE,,,,,,
922117104005,Hunsinger Enterprises,705,W,Springfield,AVE,,,,,,
922117104002,Zarbuck Chiropractic,711,W,Springfield,AVE,,,,,,
912107487006,Stone Creek Church,912,W,Springfield,AVE,,FPP,,,,
912107483014,WA Holdings,1002,W,Springfield,AVE,,,,,,
UIUC000174,Engineering Sciences Building,1101,W,Springfield,AVE,,,,,,URU
UIUC000150,DEMOLISHED 1208 W. Springfield - Uni Hig,1208,W,Springfield,AVE,,,,,,URU
UIUC000278,DEMOLISHED 1210 W. Springfield - Uni Hig,1210,W,Springfield,AVE,,,,,,URU
UIUC000210,Digital Computer Lab,1304,W,Springfield,AVE,,,,,,URU
UIUC008258,Elec. Substation - Main Campus,10,,Stadium,DR,,,,,,CNU
UIUC000110,Nuclear Physics Laboratory,23,,Stadium,DR,,,,,,CNU
UIUC000288,Physics research lab storage bldg,23,,Stadium,DR,,,,,,CNU
912108257124,Crystal View Community Center,102,,Stebbins,DR,,,,,,
922117126008,Phillips Recreation Center,505,W,Stoughton,ST,,FPP,,,,
912108363019,"Gentry, Jennifer L",506,W,Stoughton,ST,,,,,,
912108363018,"Gentry, Jennifer L",508,W,Stoughton,ST,,,,,,
912108363025,Smith Apartments,604,W,Stoughton,ST,,,,,,
912108363011,Smith Apartments,610,W,Stoughton,ST,,,,,,
912108360006,The University Group,705,W,Stoughton,ST,,,,,,
912108355002,1806 cottage grove,809,W,Stoughton,ST,,,,,,
912107486014,Shlens Apartments,904,W,Stoughton,ST,,,,,,
912107487002,College City Apartments,907,W,Stoughton,ST,,,,,,
912107486009,Advantage Properties - CU,908,W,Stoughton,ST,,,,,,
912107483006,PROFESSIONAL PROPERTY MGT,1003,W,Stoughton,ST,,,,,,
912107482013,"Shlens, Miss",1004,W,Stoughton,ST,,,,,,
912107483017,Advantage Properties - CU,1005,W,Stoughton,ST,,,,,,
912107482012,University Group,1006,W,Stoughton,ST,,,,,,
912107483002,Campus Property Management,1009,W,Stoughton,ST,,,,,,
912107482021,Campus Property Management,1010,W,Stoughton,ST,,,,,,
912107483001,Green Street Realty,1011,W,Stoughton,ST,,,,,,
912107478015,"Shlens, Ed",1102,W,Stoughton,ST,,,,,,
912107478010,Bankier Apartments,1106,W,Stoughton,ST,,,,,,
UIUC001114,1108 W. Stoughton,1108,W,Stoughton,ST,,,,,,URU
912107479003,Bankier Apartments,1109,W,Stoughton,ST,,,,,,
912107478008,Ramshaw Real Estate,1110,W,Stoughton,ST,,,,,,
912115226009,USPS Law Dept/Mcauliffe,3001,E,Tatman,CT,,,,,,
912115226008,EZ Lock Self Storage,3004,E,Tatman,CT,,,,,,
912115226007,US Post Office - Urbana Main Facility,3100,E,Tatman,CT,,,,,,
912115226014,Glescoe  Electric  Warehouse,3103,E,Tatman,CT,101,,,,,
912115226015,Glescoe Electric Warehouse,3103,E,Tatman,CT,102,,,,,
912115226016,Glescoe Electric  Office,3103,E,Tatman,CT,103,,,,,
912115226017,Allied Mechanical Office,3103,E,Tatman,CT,104,,,,,
912115226018,Allied Mechanical Warehouse,3103,E,Tatman,CT,105,,,,,
912115226013A,Sticklen Insurance,3109,E,Tatman,CT,101,,,,,
912115226013B,Tatman-Hatrich Construction,3109,E,Tatman,CT,102,,,,,
912115226013C,Respiracare,3109,E,Tatman,CT,103,FPP,,,,
912115226013D,Barbeck Communications,3109,E,Tatman,CT,104,,,,,
912115226013E,"Tatman, Paul",3109,E,Tatman,CT,105,,,,,
912108405033,Panda Express,106,E,University,AVE,,FPP,,,,
912108405038AB,Rainbow Garden,202,E,University,AVE,A,FPP,LIQ,,,
912108405038CD,PO' Boys,202,E,University,AVE,C,FPP,LIQ,,,
912108405038E,City Girl Yogurt,202,E,University,AVE,E,FPP,,,,
912108405038F,Magic Nails,202,E,University,AVE,F,,,,,
912108405038G,Great Clips,202,E,University,AVE,G,,,,,
912108405038H,Tricoci University,202,E,University,AVE,H,,,,,
912108427005,Five Points Auto Bath,306,E,University,AVE,,,,,,
912108480011A,Grunloh Construction,515,E,University,AVE,,,,,,
912109351021,Emulsicoat Inc,705,E,University,AVE,,FPP,,704,,
912109303012,Shaffer Sanitary,714,E,University,AVE,,FPP,,,,
912109351022,CU MTD/(tenant) CRIS Rural MTD,801,E,University,AVE,,FPP,,,,
912109351022A,AT&T Mobility,801,E,University,AVE,,FPP,,,,
912109401007,City Of Urbana LRC Bldg,1202,E,University,AVE,,,,,,
912109426004,City of Urbana Landscape Recycling,1210,E,University,AVE,,FPP,,,,
912109403004,Moseley Brothers,1602,E,University,AVE,,,,,,
912109403004A,Park 150 Mini Warehouse,1602,E,University,AVE,,,,,,
912110354014,Brumback & Associates,2402,E,University,AVE,,,,,,
912110354012,Vacant,2406,E,University,AVE,,,,,,
912110354012A,Environmental Solutions & Services,2406,E,University,AVE,,,,,,
912110407013,Aldi Inc #91,3102,E,University,AVE,,FPP,LIQ,,,
912108402008A,Lindy Lu's Place,202,W,University,AVE,A,FPP,LIQ,,,
912108376012,Urbana Park District Admin Office,303,W,University,AVE,,,,,,
912108361005A,Carle South Parking Garage,411,W,University,AVE,,,,,,
912108327010,Carle North Parking Garage,510,W,University,AVE,,,,,,
912108361005,Carle Clinic South,601,W,University,AVE,,,,,,
912108376021,Carle North Clinic,602,W,University,AVE,,,,,,
912108352013B,SARAH'S SEWING CENTER,811,W,University,AVE,,,,,,
912107431014,Vacant - fka LTJ3 VIP Tours,902,W,University,AVE,,,,,,
912107431011,Pawn King,1004,W,University,AVE,,FPP,,,,
912107431026,Campus Circle Comm UIUC,1010,W,University,AVE,,,,,,
UIUC001091,Faculty Staff Assistance Program,1011,W,University,AVE,,,,,,URU
912107405014,Blood Bank,1408,W,University,AVE,,,,,,
932121180006,Akston Capital LLC,2012,S,Vawter,ST,,,,,,
932121180007,Campo Rental,2014,S,Vawter,ST,,,,,,
932121181010,Apartments,2017,S,Vawter,ST,,,,,,
912108478015A,Athletico,114,N,Vine,ST,A,,,,,
912108478015C,Papa Murphy's,114,N,Vine,ST,C,,,,,
912108478015D,H & R Block,114,N,Vine,ST,D,,,,,
912108478015GG,Advance America,114,N,Vine,ST,G,,,,,
912108478015H,Xinh Xinh Cafe,114,N,Vine,ST,H,FPP,,,,
912108478015I,Metro PCS,114,N,Vine,ST,I,,,,,
912108478015J,VACANT f/k/a Radio Shack,114,N,Vine,ST,J,,,,,
912108478015L,Pretty Nails,114,N,Vine,ST,L,,,,,
912108478015M,China Garden Restaurant,114,N,Vine,ST,M,FPP,,,,
912108478015O,Emma's Eatery,114,N,Vine,ST,O,FPP,LIQ,,,
912108478015P,Bo Ric's,114,N,Vine,ST,P,,,,,
912108478015Q,Classic Tan,114,N,Vine,ST,Q,,,,,
922117212024F,Carle Clinic Human Resources,301,S,Vine,ST,,,,,,
922117212024AF,Health Alliance Medical Plans 300,301,S,Vine,ST,,FPP,,,,
932117402005,"Urbana, School Dis. No 4",905,S,Vine,ST,,,,,,
932117402006,"Urbana, School Dist #116",907,S,Vine,ST,,,,,,
932117402007,"Urbana, School District",909,S,Vine,ST,,,,,,
932117430014A,Vinewood Apartments,1200,S,Vine,ST,,,,,,
932117402009,Urbana Middle School,1201,S,Vine,ST,,,,,U116,
922117264007,University Group,706,S,Walnut,ST,,,,,,
922117264009,Quality Living Properties,710,S,Walnut,ST,,,,,,
932117402001,Urbana School Dist #116,107,E,Washington,ST,,,,,,
932117402002,"Urbana, School District",201,E,Washington,ST,,,,,,
932117402003,"Urbana, School Dist No 11",205,E,Washington,ST,,,,,,
932117402004,"Urbana, School Dist #116",207,E,Washington,ST,,,,,,
922117265005,Cunningham CH Kendall Gill House,208,E,Washington,ST,,,,,,
922116180005,Huaraches Moroleon (seating area),1104,E,Washington,ST,,,,,,
922116327011,Vacant,1301,E,Washington,ST,,,,,,
922116401011,Vacant Urbana Food & Liquor,1509,E,Washington,ST,,,,,,
922116401012,"Quick Shop 66, LLC",1511,E,Washington,ST,A,FPP,LIQ,,,
922116401013,Coin Laundry,1511,E,Washington,ST,B,,,,,
922116401012C,Metro PCS,1511,E,Washington,ST,C,,,,,
922116200006,Champaign County Administration,1776,E,Washington,ST,,FPP,,,,
912115151002B,Urbana Early Childhood School,2202,E,Washington,ST,,,,,U116,
932117401013,"Urbana, School District 1",103,W,Washington,ST,,,,,,
932117401007,Southwest Champaign Place,115,W,Washington,ST,,,,,,
932117401001,Cornerstone Fellowship Church,117,W,Washington,ST,,,,,,
922117158016,Harvest House/Nasco Properties,702,W,Washington,ST,,,,,,
912109353001,Panel Tech Construction,116,N,Webber,ST,,,,,,
922117104010,Ramshaw Realty,702,W,Western,AVE,,,,,,
922117105003,"Vacant - fka Pines, Jonathan",705,W,Western,AVE,,,,,,
UIUC000077,Plant Services Building - Northeast,1005,W,Western,AVE,,,,,,URU
UIUC000319,Engineering Senior Design Lab Annex,1011,W,Western,AVE,,,,,,URU
UIUC000162,Engineering Senior Design Lab,1013,W,Western,AVE,,,,,,URU
UIUC000163,Plant services storage building,1015,W,Western,AVE,,,,,,URU
UIUC000164,Structural Warehouse,1017,W,Western,AVE,,,,,,URU
UIUC001093,Aerospace Research Laboratoty,1021,W,Western,AVE,,,,,,URU
UIUC001209,Engineering Student Laboratory,1203,W,Western,AVE,,,,,,URU
UIUC000185,H P Gas Regulating and Reducing Station,1207,W,Western,AVE,,,,,,URU
912105477028,Willowbrook Apartments,1605,N,Willow,RD,,,,,,
932127200015,A & E Animal Hospital,3003,E,Windsor,RD,,FPP,,,,
932122404004B,Stone Creek Maintenance Building,3004,E,Windsor,RD,,FPP,,704,,
932129200008,Clark Lindsey Village,101,W,Windsor,RD,,FPP,LIQ,,,
912108384003,"Butsch, Joseph M.",202,N,Wood,ST,,,,,,
UIUC000409,Electrical and Computer Engineering,306,N,Wright,ST,,,,,,URU
UIUC000013,Talbot Lab,104,S,Wright,ST,,,,,,URU
UIUC000071,Student Services Arcade Building,715,S,Wright,ST,,,,,,CNU
UIUC000316,Illinois Field Press Box (baseball),1605,S,Wright,ST,,,,,,CNU
UIUC000304,Track stadium,1615,S,Wright,ST,,,,,,CNU
UIUC000144,Dalkey Archive Press (PSSB),1805,S,Wright,ST,,,,,,CNU
UIUC000840,Agronomy barn,1900,S,Wright,ST,,,,,,URU
UIUC000841,Implement shed west of seed house,1900,S,Wright,ST,,,,,,URU
UIUC000842,Agronomy seed house,1900,S,Wright,ST,,,,,,URU
UIUC000844,Agronomy drying shed,1900,S,Wright,ST,,,,,,URU
UIUC000845,Sheet metal barn,1900,S,Wright,ST,,,,,,URU
UIUC000846,Sheet metal barn-usda,1900,S,Wright,ST,,,,,,URU
UIUC000847,Sheet metal barn-soil sample storagebldg,1900,S,Wright,ST,,,,,,URU
UIUC000848,Sheet metal barn weed lab usda,1900,S,Wright,ST,,,,,,URU
UIUC000849,sheet metal barn ag engineering,1900,S,Wright,ST,,,,,,URU
UIUC000850,Soil physics building-usda,1900,S,Wright,ST,,,,,,URU
UIUC000326,Agriculture Services Building,1917,S,Wright,ST,,,,,,CNU
UIUC000329,Agricultural Services Warehouse,1919,S,Wright,ST,,,,,,URU
UIUC001040,Agronomy Sprayer Storage Building,2000,S,Wright,ST,,,,,,URU
UIUC000941,Technology commercialization building,2004,S,Wright,ST,,,,,,URU
UIUC000886,Woody ornamentals greenhouse,2500,S,Wright,ST,,,,,,CNU
UIUC000889,Animal genetics pole barn storage,2500,S,Wright,ST,,,,,,CNU
UIUC000890,Ammunition storage 1of 3,2500,S,Wright,ST,,,,,,CNU
UIUC000891,Physiology research lab garage west,2500,S,Wright,ST,,,,,,CNU
UIUC000892,physiology research lab garage east,2500,S,Wright,ST,,,,,,CNU
UIUC000838,Machine storage building-agronomy,,S,Wright,ST,,,,,,URU
UIUC000931,Agronomy field lab-usda,,S,Wright,ST,,,,,,URU
UIUC001027,Aeronomy field station,,S,Wright,ST,,,,,,URU
UIUC000991,Agronomy farm soybean research,,S,Wright,ST,,,,,,CNU
UIUC001017,Agriculture /fpm warehouse storage A,,S,Wright,ST,,,,,,CNU
UIUC001018,Engineering warehouse storage,,S,Wright,ST,,,,,,CNU
UIUC001019,Engineering warehouse storage c,,S,Wright,ST,,,,,,CNU
UIUC001003,Acid rain field building,,,Wright,ST,,,,,,URU
